13.07.2019 12:00;16,5;Ветер, дующий с северо-востока;2;
13.07.2019 9:00;16,4;Ветер, дующий с северо-востока;2;Ливень (ливни),
13.07.2019 6:00;15,6;Ветер, дующий с северо-востока;2;
13.07.2019 3:00;14,5;Ветер, дующий с северо-востока;2;
13.07.2019 0:00;16,2;Ветер, дующий с северо-востока;2;
12.07.2019 21:00;19;Ветер, дующий с северо-востока;2;
12.07.2019 18:00;22,8;Ветер, дующий с северо-востока;2;
12.07.2019 15:00;25,6;Ветер, дующий с северо-востока;2;
12.07.2019 12:00;22,1;Ветер, дующий с северо-востока;2;
12.07.2019 9:00;18,6;Ветер, дующий с северо-востока;2;
12.07.2019 6:00;15,9;Ветер, дующий с северо-востока;2;
12.07.2019 3:00;15,6;Ветер, дующий с северо-востока;2;
12.07.2019 0:00;15,7;Ветер, дующий с северо-востока;2;
11.07.2019 21:00;17,2;Ветер, дующий с северо-востока;2;
11.07.2019 18:00;19,6;Ветер, дующий с северо-востока;2;
11.07.2019 15:00;18,2;Ветер, дующий с северо-востока;2;Ливень (ливни),
11.07.2019 12:00;21;Ветер, дующий с северо-востока;2;Ливень (ливни),
11.07.2019 9:00;20,3;Ветер, дующий с северо-востока;2;
11.07.2019 6:00;17,5;Ветер, дующий с северо-востока;2;
11.07.2019 3:00;17;Ветер, дующий с северо-востока;2;
11.07.2019 0:00;15,9;Ветер, дующий с северо-востока;2;
10.07.2019 21:00;17,9;Ветер, дующий с северо-востока;2;Ливень (ливни),
10.07.2019 18:00;21,4;Ветер, дующий с северо-востока;2;Ливень (ливни),
10.07.2019 15:00;23,2;Ветер, дующий с северо-востока;2;Ливень (ливни),
10.07.2019 12:00;18,5;Ветер, дующий с северо-востока;2;Ливень (ливни),
10.07.2019 9:00;18,1;Ветер, дующий с северо-востока;2;Ливень (ливни),
10.07.2019 6:00;15,6;Ветер, дующий с северо-востока;2;
10.07.2019 3:00;14,2;Ветер, дующий с северо-востока;2;
10.07.2019 0:00;17,4;Ветер, дующий с северо-востока;2;
09.07.2019 21:00;22,4;Ветер, дующий с северо-востока;2;
09.07.2019 18:00;24,5;Ветер, дующий с северо-востока;2;
09.07.2019 15:00;25,8;Ветер, дующий с северо-востока;2;
09.07.2019 12:00;25;Ветер, дующий с северо-востока;2;
09.07.2019 9:00;21,2;Ветер, дующий с северо-востока;2;
09.07.2019 6:00;19,2;Ветер, дующий с северо-востока;2;Гроза (грозы) с осадками или без них,
09.07.2019 3:00;21;Ветер, дующий с северо-востока;2;
09.07.2019 0:00;21,2;Ветер, дующий с северо-востока;2;
08.07.2019 21:00;24,2;Ветер, дующий с северо-востока;2;
08.07.2019 18:00;28,8;Ветер, дующий с северо-востока;2;
08.07.2019 15:00;31,2;Ветер, дующий с северо-востока;2;
08.07.2019 12:00;29,1;Ветер, дующий с северо-востока;2;
08.07.2019 9:00;26,4;Ветер, дующий с северо-востока;2;
08.07.2019 6:00;16,9;Ветер, дующий с северо-востока;2;
08.07.2019 3:00;17,2;Ветер, дующий с северо-востока;2;
08.07.2019 0:00;19;Ветер, дующий с северо-востока;2;
07.07.2019 21:00;21,9;Ветер, дующий с северо-востока;2;
07.07.2019 18:00;27,2;Ветер, дующий с северо-востока;2;
07.07.2019 15:00;28,9;Ветер, дующий с северо-востока;2;
07.07.2019 12:00;27,2;Ветер, дующий с северо-востока;2;
07.07.2019 9:00;25,4;Ветер, дующий с северо-востока;2;
07.07.2019 6:00;16,3;Ветер, дующий с северо-востока;2;
07.07.2019 3:00;17,4;Ветер, дующий с северо-востока;2;
07.07.2019 0:00;19,6;Ветер, дующий с северо-востока;2;
06.07.2019 21:00;21,9;Ветер, дующий с северо-востока;2;
06.07.2019 18:00;25,7;Ветер, дующий с северо-востока;2;
06.07.2019 15:00;28;Ветер, дующий с северо-востока;2;
06.07.2019 12:00;28,2;Ветер, дующий с северо-востока;2;
06.07.2019 9:00;25,8;Ветер, дующий с северо-востока;2;
06.07.2019 6:00;15,1;Ветер, дующий с северо-востока;2;
06.07.2019 3:00;16,4;Ветер, дующий с северо-востока;2;
06.07.2019 0:00;18,6;Ветер, дующий с северо-востока;2;
05.07.2019 21:00;21,9;Ветер, дующий с северо-востока;2;
05.07.2019 18:00;26,9;Ветер, дующий с северо-востока;2;
05.07.2019 15:00;28;Ветер, дующий с северо-востока;2;
05.07.2019 12:00;26,6;Ветер, дующий с северо-востока;2;
05.07.2019 9:00;24;Ветер, дующий с северо-востока;2;
05.07.2019 6:00;15,9;Ветер, дующий с северо-востока;2;
05.07.2019 3:00;17;Ветер, дующий с северо-востока;2;
05.07.2019 0:00;18,4;Ветер, дующий с северо-востока;2;
04.07.2019 21:00;21,8;Ветер, дующий с северо-востока;2;
04.07.2019 18:00;27,4;Ветер, дующий с северо-востока;2;
04.07.2019 15:00;25,3;Ветер, дующий с северо-востока;2;
04.07.2019 12:00;23,6;Ветер, дующий с северо-востока;2;
04.07.2019 9:00;23,3;Ветер, дующий с северо-востока;2;
04.07.2019 6:00;19,1;Ветер, дующий с северо-востока;2;
04.07.2019 3:00;19,5;Ветер, дующий с северо-востока;2;
04.07.2019 0:00;21,1;Ветер, дующий с северо-востока;2;
03.07.2019 21:00;25,3;Ветер, дующий с северо-востока;2;
03.07.2019 18:00;30,6;Ветер, дующий с северо-востока;2;
03.07.2019 15:00;32,4;Ветер, дующий с северо-востока;2;
03.07.2019 12:00;30,5;Ветер, дующий с северо-востока;2;
03.07.2019 9:00;27,2;Ветер, дующий с северо-востока;2;
03.07.2019 6:00;22;Ветер, дующий с северо-востока;2;
03.07.2019 3:00;22,7;Ветер, дующий с северо-востока;2;
03.07.2019 0:00;24,3;Ветер, дующий с северо-востока;2;
02.07.2019 21:00;25,9;Ветер, дующий с северо-востока;2;
02.07.2019 18:00;29,4;Ветер, дующий с северо-востока;2;
02.07.2019 15:00;31;Ветер, дующий с северо-востока;2;
02.07.2019 12:00;29;Ветер, дующий с северо-востока;2;
02.07.2019 9:00;26,3;Ветер, дующий с северо-востока;2;
02.07.2019 6:00;22;Ветер, дующий с северо-востока;2;
02.07.2019 3:00;21,3;Ветер, дующий с северо-востока;2;
02.07.2019 0:00;22,4;Ветер, дующий с северо-востока;2;
01.07.2019 21:00;23,1;Ветер, дующий с северо-востока;2;
01.07.2019 18:00;28,6;Ветер, дующий с северо-востока;2;
01.07.2019 15:00;28,4;Ветер, дующий с северо-востока;2;
01.07.2019 12:00;24,2;Ветер, дующий с северо-востока;2;
01.07.2019 9:00;20,6;Ветер, дующий с северо-востока;2;
01.07.2019 6:00;15;Ветер, дующий с северо-востока;2;
01.07.2019 3:00;16,8;Ветер, дующий с северо-востока;2;
01.07.2019 0:00;16,3;Ветер, дующий с северо-востока;2;
30.06.2019 21:00;19;Ветер, дующий с северо-востока;2;
30.06.2019 18:00;22,3;Ветер, дующий с северо-востока;2;
30.06.2019 15:00;24,2;Ветер, дующий с северо-востока;2;
30.06.2019 12:00;21,5;Ветер, дующий с северо-востока;2;
30.06.2019 9:00;18,7;Ветер, дующий с северо-востока;2;Ливень (ливни),
30.06.2019 6:00;12,5;Ветер, дующий с северо-востока;2;
30.06.2019 3:00;13,1;Ветер, дующий с северо-востока;2;
30.06.2019 0:00;13,9;Ветер, дующий с северо-востока;2;
29.06.2019 21:00;16,7;Ветер, дующий с северо-востока;2;
29.06.2019 18:00;18,7;Ветер, дующий с северо-востока;2;
29.06.2019 15:00;24;Ветер, дующий с северо-востока;2;
29.06.2019 12:00;21,2;Ветер, дующий с северо-востока;2;
29.06.2019 9:00;20;Ветер, дующий с северо-востока;2;
29.06.2019 6:00;15,1;Ветер, дующий с северо-востока;2;
29.06.2019 3:00;16,1;Ветер, дующий с северо-востока;2;
29.06.2019 0:00;19,1;Ветер, дующий с северо-востока;2;
28.06.2019 21:00;22,7;Ветер, дующий с северо-востока;2;
28.06.2019 18:00;26,5;Ветер, дующий с северо-востока;2;
28.06.2019 15:00;25;Ветер, дующий с северо-востока;2;
28.06.2019 12:00;21,1;Ветер, дующий с северо-востока;2;
28.06.2019 9:00;26,9;Ветер, дующий с северо-востока;2;
28.06.2019 6:00;19,9;Ветер, дующий с северо-востока;2;
28.06.2019 3:00;19,2;Ветер, дующий с северо-востока;2;
28.06.2019 0:00;21,3;Ветер, дующий с северо-востока;2;
27.06.2019 21:00;25;Ветер, дующий с северо-востока;2;
27.06.2019 18:00;30,8;Ветер, дующий с северо-востока;2;
27.06.2019 15:00;31,7;Ветер, дующий с северо-востока;2;
27.06.2019 12:00;30,3;Ветер, дующий с северо-востока;2;
27.06.2019 9:00;27;Ветер, дующий с северо-востока;2;
27.06.2019 6:00;17,8;Ветер, дующий с северо-востока;2;
27.06.2019 3:00;19,6;Ветер, дующий с северо-востока;2;
27.06.2019 0:00;21,2;Ветер, дующий с северо-востока;2;
26.06.2019 21:00;24,5;Ветер, дующий с северо-востока;2;
26.06.2019 18:00;29,8;Ветер, дующий с северо-востока;2;
26.06.2019 15:00;31,5;Ветер, дующий с северо-востока;2;
26.06.2019 12:00;29,6;Ветер, дующий с северо-востока;2;
26.06.2019 9:00;25,7;Ветер, дующий с северо-востока;2;
26.06.2019 6:00;20,1;Ветер, дующий с северо-востока;2;
26.06.2019 3:00;21,1;Ветер, дующий с северо-востока;2;
26.06.2019 0:00;22,5;Ветер, дующий с северо-востока;2;
25.06.2019 21:00;23,7;Ветер, дующий с северо-востока;2;
25.06.2019 18:00;27,9;Ветер, дующий с северо-востока;2;
25.06.2019 15:00;27,4;Ветер, дующий с северо-востока;2;
25.06.2019 12:00;27;Ветер, дующий с северо-востока;2;
25.06.2019 9:00;24,9;Ветер, дующий с северо-востока;2;
25.06.2019 6:00;23,5;Ветер, дующий с северо-востока;2;
25.06.2019 3:00;22,8;Ветер, дующий с северо-востока;2;
25.06.2019 0:00;23,5;Ветер, дующий с северо-востока;2;
24.06.2019 21:00;24,5;Ветер, дующий с северо-востока;2;
24.06.2019 18:00;26,8;Ветер, дующий с северо-востока;2;
24.06.2019 15:00;30,6;Ветер, дующий с северо-востока;2;Ливень (ливни),
24.06.2019 12:00;27,9;Ветер, дующий с северо-востока;2;
24.06.2019 9:00;25,4;Ветер, дующий с северо-востока;2;Ливень (ливни),
24.06.2019 6:00;22,5;Ветер, дующий с северо-востока;2;Ливень (ливни),
24.06.2019 3:00;25,3;Ветер, дующий с северо-востока;2;
24.06.2019 0:00;27,3;Ветер, дующий с северо-востока;2;
23.06.2019 21:00;31,3;Ветер, дующий с северо-востока;2;
23.06.2019 18:00;33;Ветер, дующий с северо-востока;2;
23.06.2019 15:00;34,7;Ветер, дующий с северо-востока;2;
23.06.2019 12:00;34,2;Ветер, дующий с северо-востока;2;
23.06.2019 9:00;28,5;Ветер, дующий с северо-востока;2;
23.06.2019 6:00;24,4;Ветер, дующий с северо-востока;2;
23.06.2019 3:00;26,8;Ветер, дующий с северо-востока;2;
23.06.2019 0:00;28,5;Ветер, дующий с северо-востока;2;
22.06.2019 21:00;29,1;Ветер, дующий с северо-востока;2;
22.06.2019 18:00;31,8;Ветер, дующий с северо-востока;2;
22.06.2019 15:00;34;Ветер, дующий с северо-востока;2;
22.06.2019 12:00;34,3;Ветер, дующий с северо-востока;2;
22.06.2019 9:00;28,2;Ветер, дующий с северо-востока;2;
22.06.2019 6:00;23,6;Ветер, дующий с северо-востока;2;
22.06.2019 3:00;24,3;Ветер, дующий с северо-востока;2;
22.06.2019 0:00;27,2;Ветер, дующий с северо-востока;2;
21.06.2019 21:00;27,4;Ветер, дующий с северо-востока;2;
21.06.2019 18:00;33,3;Ветер, дующий с северо-востока;2;
21.06.2019 15:00;34,8;Ветер, дующий с северо-востока;2;
21.06.2019 12:00;33,2;Ветер, дующий с северо-востока;2;
21.06.2019 9:00;28,7;Ветер, дующий с северо-востока;2;
21.06.2019 6:00;24,2;Ветер, дующий с северо-востока;2;
21.06.2019 3:00;25,1;Ветер, дующий с северо-востока;2;
21.06.2019 0:00;25,5;Ветер, дующий с северо-востока;2;
20.06.2019 21:00;27,2;Ветер, дующий с северо-востока;2;
20.06.2019 18:00;32,1;Ветер, дующий с северо-востока;2;
20.06.2019 15:00;33,1;Ветер, дующий с северо-востока;2;
20.06.2019 12:00;31,6;Ветер, дующий с северо-востока;2;
20.06.2019 9:00;27,9;Ветер, дующий с юго-юго-востока;2;
20.06.2019 6:00;22;Ветер, дующий с юго-юго-востока;2;
20.06.2019 3:00;21,9;Ветер, дующий с юго-юго-востока;2;
20.06.2019 0:00;23,1;Ветер, дующий с юго-юго-востока;2;
19.06.2019 21:00;25,9;Ветер, дующий с юго-юго-востока;2;
19.06.2019 18:00;27,8;Ветер, дующий с юго-юго-востока;2;
19.06.2019 15:00;32,4;Ветер, дующий с юго-юго-востока;2;
19.06.2019 12:00;31;Ветер, дующий с юго-юго-востока;2;
19.06.2019 9:00;28,4;Ветер, дующий с юго-юго-востока;2;
19.06.2019 6:00;20,4;Ветер, дующий с юго-юго-востока;2;
19.06.2019 3:00;20,4;Ветер, дующий с юго-юго-востока;2;
19.06.2019 0:00;22,4;Ветер, дующий с юго-юго-востока;2;
18.06.2019 21:00;24,3;Ветер, дующий с юго-юго-востока;2;
18.06.2019 18:00;30,2;Ветер, дующий с юго-юго-востока;2;
18.06.2019 15:00;30,6;Ветер, дующий с юго-юго-востока;2;
18.06.2019 12:00;29,2;Ветер, дующий с юго-юго-востока;2;
18.06.2019 9:00;26,8;Ветер, дующий с юго-юго-востока;2;
18.06.2019 6:00;18,5;Ветер, дующий с юго-юго-востока;2;
18.06.2019 3:00;18,5;Ветер, дующий с юго-юго-востока;2;
18.06.2019 0:00;21;Ветер, дующий с юго-юго-востока;2;
17.06.2019 21:00;23,2;Ветер, дующий с юго-юго-востока;2;
17.06.2019 18:00;28,6;Ветер, дующий с юго-юго-востока;2;
17.06.2019 15:00;29;Ветер, дующий с юго-юго-востока;2;
17.06.2019 12:00;28;Ветер, дующий с юго-юго-востока;2;
17.06.2019 9:00;23,7;Ветер, дующий с юго-юго-востока;2;
17.06.2019 6:00;17,8;Ветер, дующий с юго-юго-востока;2;
17.06.2019 3:00;18;Ветер, дующий с юго-юго-востока;2;
17.06.2019 0:00;20,7;Ветер, дующий с юго-юго-востока;2;
16.06.2019 21:00;25;Ветер, дующий с юго-юго-востока;2;
16.06.2019 18:00;32,2;Ветер, дующий с юго-юго-востока;2;
16.06.2019 15:00;34;Ветер, дующий с юго-юго-востока;2;
16.06.2019 12:00;32,1;Ветер, дующий с юго-юго-востока;2;
16.06.2019 9:00;28,6;Ветер, дующий с юго-юго-востока;2;
16.06.2019 6:00;18,8;Ветер, дующий с юго-юго-востока;2;
16.06.2019 3:00;20,5;Ветер, дующий с юго-юго-востока;2;
16.06.2019 0:00;21,4;Ветер, дующий с юго-юго-востока;2;
15.06.2019 21:00;21,3;Ветер, дующий с юго-юго-востока;2;
15.06.2019 18:00;30,4;Ветер, дующий с юго-юго-востока;2;
15.06.2019 15:00;31,1;Ветер, дующий с юго-юго-востока;2;
15.06.2019 12:00;29,2;Ветер, дующий с юго-юго-востока;2;
15.06.2019 9:00;25,8;Ветер, дующий с юго-юго-востока;2;
15.06.2019 6:00;18;Ветер, дующий с юго-юго-востока;2;
15.06.2019 3:00;17,9;Ветер, дующий с юго-юго-востока;2;
15.06.2019 0:00;20,6;Ветер, дующий с юго-юго-востока;2;
14.06.2019 21:00;22,8;Ветер, дующий с юго-юго-востока;2;
14.06.2019 18:00;26,9;Ветер, дующий с юго-юго-востока;2;
14.06.2019 15:00;27,8;Ветер, дующий с юго-юго-востока;2;
14.06.2019 12:00;25,9;Ветер, дующий с юго-юго-востока;2;
14.06.2019 9:00;22,4;Ветер, дующий с юго-юго-востока;2;
14.06.2019 6:00;20;Ветер, дующий с юго-юго-востока;2;
14.06.2019 3:00;22,2;Ветер, дующий с юго-юго-востока;2;
14.06.2019 0:00;25,4;Ветер, дующий с юго-юго-востока;2;
13.06.2019 21:00;26,3;Ветер, дующий с юго-юго-востока;2;
13.06.2019 18:00;32,4;Ветер, дующий с юго-юго-востока;2;
13.06.2019 15:00;32;Ветер, дующий с юго-юго-востока;2;
13.06.2019 12:00;31,9;Ветер, дующий с юго-юго-востока;2;
13.06.2019 9:00;27,4;Ветер, дующий с юго-юго-востока;2;
13.06.2019 6:00;22,7;Ветер, дующий с юго-юго-востока;2;
13.06.2019 3:00;21,5;Ветер, дующий с юго-юго-востока;2;
13.06.2019 0:00;23,2;Ветер, дующий с юго-юго-востока;2;
12.06.2019 21:00;28,5;Ветер, дующий с юго-юго-востока;2;
12.06.2019 18:00;32,4;Ветер, дующий с юго-юго-востока;2;
12.06.2019 15:00;32,9;Ветер, дующий с юго-юго-востока;2;
12.06.2019 12:00;31,5;Ветер, дующий с юго-юго-востока;2;
12.06.2019 9:00;23,3;Ветер, дующий с юго-юго-востока;2;
12.06.2019 6:00;22,2;Ветер, дующий с юго-юго-востока;2;
12.06.2019 3:00;23,5;Ветер, дующий с юго-юго-востока;2;
12.06.2019 0:00;26;Ветер, дующий с юго-юго-востока;2;
11.06.2019 21:00;27,2;Ветер, дующий с юго-юго-востока;2;
11.06.2019 18:00;31,2;Ветер, дующий с юго-юго-востока;2;
11.06.2019 15:00;32,1;Ветер, дующий с юго-юго-востока;2;
11.06.2019 12:00;30;Ветер, дующий с юго-юго-востока;2;
11.06.2019 9:00;25,4;Ветер, дующий с юго-юго-востока;2;
11.06.2019 6:00;20,2;Ветер, дующий с юго-юго-востока;2;
11.06.2019 3:00;22,1;Ветер, дующий с юго-юго-востока;2;
11.06.2019 0:00;23,7;Ветер, дующий с юго-юго-востока;2;
10.06.2019 21:00;26,2;Ветер, дующий с юго-юго-востока;2;
10.06.2019 18:00;30,9;Ветер, дующий с юго-юго-востока;2;
10.06.2019 15:00;32;Ветер, дующий с юго-юго-востока;2;
10.06.2019 12:00;30,3;Ветер, дующий с юго-юго-востока;2;
10.06.2019 9:00;25,9;Ветер, дующий с юго-юго-востока;2;
10.06.2019 6:00;20,2;Ветер, дующий с юго-юго-востока;2;
10.06.2019 3:00;22,5;Ветер, дующий с юго-юго-востока;2;
10.06.2019 0:00;23,3;Ветер, дующий с юго-юго-востока;2;
09.06.2019 21:00;25,7;Ветер, дующий с юго-юго-востока;2;
09.06.2019 18:00;30,3;Ветер, дующий с юго-юго-востока;2;
09.06.2019 15:00;31,3;Ветер, дующий с юго-юго-востока;2;
09.06.2019 12:00;29,7;Ветер, дующий с юго-юго-востока;2;
09.06.2019 9:00;22,9;Ветер, дующий с юго-юго-востока;2;
09.06.2019 6:00;19,7;Ветер, дующий с юго-юго-востока;2;
09.06.2019 3:00;19,3;Ветер, дующий с юго-юго-востока;2;
09.06.2019 0:00;22,9;Ветер, дующий с юго-юго-востока;2;
08.06.2019 21:00;25,2;Ветер, дующий с юго-юго-востока;2;
08.06.2019 18:00;29,2;Ветер, дующий с юго-юго-востока;2;
08.06.2019 15:00;31,1;Ветер, дующий с юго-юго-востока;2;
08.06.2019 12:00;29;Ветер, дующий с юго-юго-востока;2;
08.06.2019 9:00;25,4;Ветер, дующий с юго-юго-востока;2;
08.06.2019 6:00;19,7;Ветер, дующий с юго-юго-востока;2;
08.06.2019 3:00;18,4;Ветер, дующий с юго-юго-востока;2;
08.06.2019 0:00;20;Ветер, дующий с юго-юго-востока;2;
07.06.2019 21:00;21,2;Ветер, дующий с юго-юго-востока;2;
07.06.2019 18:00;26,6;Ветер, дующий с юго-юго-востока;2;
07.06.2019 15:00;28,2;Ветер, дующий с юго-юго-востока;2;
07.06.2019 12:00;26,5;Ветер, дующий с юго-юго-востока;2;
07.06.2019 9:00;23,8;Ветер, дующий с юго-юго-востока;2;
07.06.2019 6:00;20,1;Ветер, дующий с юго-юго-востока;2;
07.06.2019 3:00;21,7;Ветер, дующий с юго-юго-востока;2;
07.06.2019 0:00;22,4;Ветер, дующий с юго-юго-востока;2;
06.06.2019 21:00;21,8;Ветер, дующий с юго-юго-востока;2;
06.06.2019 18:00;22,2;Ветер, дующий с юго-юго-востока;2;
06.06.2019 15:00;25;Ветер, дующий с юго-юго-востока;2;
06.06.2019 12:00;25,9;Ветер, дующий с юго-юго-востока;2;
06.06.2019 9:00;22,3;Ветер, дующий с юго-юго-востока;2;
06.06.2019 6:00;18,5;Ветер, дующий с юго-юго-востока;2;
06.06.2019 3:00;19,7;Ветер, дующий с юго-юго-востока;2;
06.06.2019 0:00;20,6;Ветер, дующий с юго-юго-востока;2;
05.06.2019 21:00;23,7;Ветер, дующий с юго-юго-востока;2;
05.06.2019 18:00;26,6;Ветер, дующий с юго-юго-востока;2;
05.06.2019 15:00;27,7;Ветер, дующий с юго-юго-востока;2;
05.06.2019 12:00;25,9;Ветер, дующий с юго-юго-востока;2;
05.06.2019 9:00;22,3;Ветер, дующий с юго-юго-востока;2;
05.06.2019 6:00;18,5;Ветер, дующий с юго-юго-востока;2;
05.06.2019 3:00;20,6;Ветер, дующий с юго-юго-востока;2;
05.06.2019 0:00;22,7;Ветер, дующий с юго-юго-востока;2;
04.06.2019 21:00;24,6;Ветер, дующий с юго-юго-востока;3;
04.06.2019 18:00;29;Ветер, дующий с юго-юго-востока;3;
04.06.2019 15:00;29,1;Ветер, дующий с юго-юго-востока;3;
04.06.2019 12:00;29,4;Ветер, дующий с юго-юго-востока;3;
04.06.2019 9:00;26,7;Ветер, дующий с юго-юго-востока;3;
04.06.2019 6:00;20,2;Ветер, дующий с юго-юго-востока;3;
04.06.2019 3:00;19,5;Ветер, дующий с юго-юго-востока;3;
04.06.2019 0:00;20,3;Ветер, дующий с юго-юго-востока;3;
03.06.2019 21:00;21,3;Ветер, дующий с юго-юго-востока;3;
03.06.2019 18:00;26,3;Ветер, дующий с юго-юго-востока;3;
03.06.2019 15:00;27,1;Ветер, дующий с юго-юго-востока;3;Гроза (грозы) с осадками или без них,
03.06.2019 12:00;25,3;Ветер, дующий с юго-юго-востока;3;Гроза (грозы) с осадками или без них,
03.06.2019 9:00;20,3;Ветер, дующий с юго-юго-востока;3;
03.06.2019 6:00;24,2;Ветер, дующий с юго-юго-востока;3;
03.06.2019 3:00;24,5;Ветер, дующий с юго-юго-востока;3;
03.06.2019 0:00;24,9;Ветер, дующий с юго-юго-востока;3;
02.06.2019 21:00;26,1;Ветер, дующий с юго-юго-востока;3;
02.06.2019 18:00;31,3;Ветер, дующий с юго-юго-востока;3;
02.06.2019 15:00;33,1;Ветер, дующий с юго-юго-востока;3;
02.06.2019 12:00;33,1;Ветер, дующий с юго-юго-востока;3;
02.06.2019 9:00;27,6;Ветер, дующий с юго-юго-востока;3;
02.06.2019 6:00;20,2;Ветер, дующий с юго-юго-востока;3;
02.06.2019 3:00;20,6;Ветер, дующий с юго-юго-востока;3;
02.06.2019 0:00;21,1;Ветер, дующий с юго-юго-востока;3;
01.06.2019 21:00;23,3;Ветер, дующий с юго-юго-востока;3;
01.06.2019 18:00;30,2;Ветер, дующий с юго-юго-востока;3;
01.06.2019 15:00;32,6;Ветер, дующий с юго-юго-востока;3;
01.06.2019 12:00;30,9;Ветер, дующий с юго-юго-востока;3;
01.06.2019 9:00;26,1;Ветер, дующий с юго-юго-востока;3;
01.06.2019 6:00;21,2;Ветер, дующий с юго-юго-востока;3;
01.06.2019 3:00;20,6;Ветер, дующий с юго-юго-востока;3;
01.06.2019 0:00;22,4;Ветер, дующий с юго-юго-востока;3;
31.05.2019 21:00;25;Ветер, дующий с юго-юго-востока;3;
31.05.2019 18:00;30,7;Ветер, дующий с юго-юго-востока;3;
31.05.2019 15:00;29,8;Ветер, дующий с юго-юго-востока;3;
31.05.2019 12:00;30,1;Ветер, дующий с юго-юго-востока;3;
31.05.2019 9:00;25,9;Ветер, дующий с юго-юго-востока;3;
31.05.2019 6:00;20,7;Ветер, дующий с юго-юго-востока;3;
31.05.2019 3:00;21,7;Ветер, дующий с юго-юго-востока;3;
31.05.2019 0:00;23,4;Ветер, дующий с юго-юго-востока;3;
30.05.2019 21:00;25,6;Ветер, дующий с юго-юго-востока;3;
30.05.2019 18:00;30,5;Ветер, дующий с юго-юго-востока;3;
30.05.2019 15:00;30,7;Ветер, дующий с юго-юго-востока;3;
30.05.2019 12:00;29,3;Ветер, дующий с юго-юго-востока;3;
30.05.2019 9:00;25,3;Ветер, дующий с юго-юго-востока;3;
30.05.2019 6:00;19,3;Ветер, дующий с юго-юго-востока;3;
30.05.2019 3:00;19;Ветер, дующий с юго-юго-востока;3;
30.05.2019 0:00;19,3;Ветер, дующий с юго-юго-востока;3;
29.05.2019 21:00;21,6;Ветер, дующий с юго-юго-востока;3;
29.05.2019 18:00;27,1;Ветер, дующий с юго-юго-востока;3;
29.05.2019 15:00;28;Ветер, дующий с юго-юго-востока;3;
29.05.2019 12:00;26,6;Ветер, дующий с юго-юго-востока;3;
29.05.2019 9:00;24,3;Ветер, дующий с юго-юго-востока;3;
29.05.2019 6:00;15,7;Ветер, дующий с юго-юго-востока;3;
29.05.2019 3:00;14,6;Ветер, дующий с юго-юго-востока;3;
29.05.2019 0:00;16,3;Ветер, дующий с юго-юго-востока;3;
28.05.2019 21:00;19,3;Ветер, дующий с юго-юго-востока;3;
28.05.2019 18:00;25,7;Ветер, дующий с юго-юго-востока;3;
28.05.2019 15:00;26,3;Ветер, дующий с юго-юго-востока;3;
28.05.2019 12:00;24,8;Ветер, дующий с юго-юго-востока;3;
28.05.2019 9:00;22,9;Ветер, дующий с юго-юго-востока;3;
28.05.2019 6:00;14,4;Ветер, дующий с юго-юго-востока;3;
28.05.2019 3:00;13,5;Ветер, дующий с юго-юго-востока;3;
28.05.2019 0:00;14,8;Ветер, дующий с юго-юго-востока;3;
27.05.2019 21:00;17,7;Ветер, дующий с юго-юго-востока;3;Гроза (грозы) с осадками или без них,
27.05.2019 18:00;22,1;Ветер, дующий с юго-юго-востока;3;Гроза (грозы) с осадками или без них,
27.05.2019 15:00;22,7;Ветер, дующий с юго-юго-востока;3;Гроза (грозы) с осадками или без них,
27.05.2019 12:00;25;Ветер, дующий с юго-юго-востока;3;
27.05.2019 9:00;22;Ветер, дующий с юго-юго-востока;3;
27.05.2019 6:00;16,1;Ветер, дующий с юго-юго-востока;3;
27.05.2019 3:00;17;Ветер, дующий с юго-юго-востока;3;Гроза (грозы) с осадками или без них,
27.05.2019 0:00;17,4;Ветер, дующий с юго-юго-востока;3;
26.05.2019 21:00;17,5;Ветер, дующий с юго-юго-востока;3;Ливень (ливни),
26.05.2019 18:00;15,6;Ветер, дующий с юго-юго-востока;3;
26.05.2019 15:00;17,4;Ветер, дующий с юго-юго-востока;3;
26.05.2019 12:00;16,9;Ветер, дующий с юго-юго-востока;3;
26.05.2019 9:00;16,5;Ветер, дующий с юго-юго-востока;3;Ливень (ливни),
26.05.2019 6:00;14,7;Ветер, дующий с юго-юго-востока;3;Ливень (ливни),
26.05.2019 3:00;15,8;Ветер, дующий с юго-юго-востока;3;Ливень (ливни),
26.05.2019 0:00;15,6;Ветер, дующий с юго-юго-востока;3;
25.05.2019 21:00;16,5;Ветер, дующий с юго-юго-востока;3;Ливень (ливни),
25.05.2019 18:00;18,1;Ветер, дующий с юго-юго-востока;3;Ливень (ливни),
25.05.2019 15:00;17,9;Ветер, дующий с юго-юго-востока;3;
25.05.2019 12:00;25;Ветер, дующий с юго-юго-востока;3;
25.05.2019 9:00;20,7;Ветер, дующий с юго-юго-востока;3;Ливень (ливни),
25.05.2019 6:00;17,4;Ветер, дующий с юго-юго-востока;3;
25.05.2019 3:00;15,9;Ветер, дующий с юго-юго-востока;3;
25.05.2019 0:00;15,8;Ветер, дующий с юго-юго-востока;3;
24.05.2019 21:00;19,2;Ветер, дующий с юго-юго-востока;3;
24.05.2019 18:00;24,2;Ветер, дующий с юго-юго-востока;3;
24.05.2019 15:00;25,6;Ветер, дующий с юго-юго-востока;3;
24.05.2019 12:00;22,8;Ветер, дующий с юго-юго-востока;3;
24.05.2019 9:00;20,8;Ветер, дующий с юго-юго-востока;3;
24.05.2019 6:00;16;Ветер, дующий с юго-юго-востока;3;
24.05.2019 3:00;15,2;Ветер, дующий с юго-юго-востока;3;
24.05.2019 0:00;16;Ветер, дующий с юго-юго-востока;3;
23.05.2019 21:00;17,4;Ветер, дующий с юго-юго-востока;3;
23.05.2019 18:00;19;Ветер, дующий с юго-юго-востока;3;
23.05.2019 15:00;19,8;Ветер, дующий с юго-юго-востока;3;Ливень (ливни),
23.05.2019 12:00;19,7;Ветер, дующий с юго-юго-востока;3;Ливень (ливни),
23.05.2019 9:00;18,7;Ветер, дующий с юго-юго-востока;3;
23.05.2019 6:00;15,6;Ветер, дующий с юго-юго-востока;3;
23.05.2019 3:00;15,3;Ветер, дующий с юго-юго-востока;3;
23.05.2019 0:00;14,9;Ветер, дующий с юго-юго-востока;3;
22.05.2019 21:00;15,8;Ветер, дующий с юго-юго-востока;3;Ливень (ливни),
22.05.2019 18:00;16,2;Ветер, дующий с юго-юго-востока;3;
22.05.2019 15:00;17,4;Ветер, дующий с юго-юго-востока;3;
22.05.2019 12:00;19,4;Ветер, дующий с юго-юго-востока;3;
22.05.2019 9:00;19,7;Ветер, дующий с юго-юго-востока;3;
22.05.2019 6:00;15,4;Ветер, дующий с юго-юго-востока;3;
22.05.2019 3:00;15,6;Ветер, дующий с юго-юго-востока;3;
22.05.2019 0:00;18;Ветер, дующий с юго-юго-востока;3;
21.05.2019 21:00;20,7;Ветер, дующий с юго-юго-востока;3;
21.05.2019 18:00;24;Ветер, дующий с юго-юго-востока;3;
21.05.2019 15:00;25,5;Ветер, дующий с юго-юго-востока;3;
21.05.2019 12:00;24,5;Ветер, дующий с юго-юго-востока;3;
21.05.2019 9:00;19,6;Ветер, дующий с юго-юго-востока;3;
21.05.2019 6:00;13,7;Ветер, дующий с юго-юго-востока;3;
21.05.2019 3:00;13,5;Ветер, дующий с юго-юго-востока;3;
21.05.2019 0:00;16,9;Ветер, дующий с юго-юго-востока;3;
20.05.2019 21:00;19,8;Ветер, дующий с юго-юго-востока;3;
20.05.2019 18:00;24,5;Ветер, дующий с юго-юго-востока;3;
20.05.2019 15:00;25,8;Ветер, дующий с юго-юго-востока;3;
20.05.2019 12:00;25,7;Ветер, дующий с юго-юго-востока;3;
20.05.2019 9:00;22,6;Ветер, дующий с юго-юго-востока;3;
20.05.2019 6:00;16,7;Ветер, дующий с юго-юго-востока;3;
20.05.2019 3:00;17,3;Ветер, дующий с юго-юго-востока;3;
20.05.2019 0:00;18,6;Ветер, дующий с юго-юго-востока;3;
19.05.2019 21:00;21;Ветер, дующий с юго-юго-востока;3;
19.05.2019 18:00;24,9;Ветер, дующий с юго-юго-востока;3;
19.05.2019 15:00;26,1;Ветер, дующий с юго-юго-востока;3;
19.05.2019 12:00;25,2;Ветер, дующий с юго-юго-востока;3;
19.05.2019 9:00;21;Ветер, дующий с юго-юго-востока;3;
19.05.2019 6:00;16,6;Ветер, дующий с юго-юго-востока;3;
19.05.2019 3:00;17,2;Ветер, дующий с юго-юго-востока;3;
19.05.2019 0:00;18,4;Ветер, дующий с юго-юго-востока;3;
18.05.2019 21:00;20,6;Ветер, дующий с юго-юго-востока;3;
18.05.2019 18:00;23,7;Ветер, дующий с юго-юго-востока;3;
18.05.2019 15:00;25,6;Ветер, дующий с юго-юго-востока;3;
18.05.2019 12:00;25;Ветер, дующий с юго-юго-востока;3;
18.05.2019 9:00;21,1;Ветер, дующий с юго-юго-востока;3;
18.05.2019 6:00;18,1;Ветер, дующий с юго-юго-востока;3;
18.05.2019 3:00;19,3;Ветер, дующий с юго-юго-востока;3;
18.05.2019 0:00;22,2;Ветер, дующий с юго-юго-востока;3;
17.05.2019 21:00;25,1;Ветер, дующий с юго-юго-востока;3;
17.05.2019 18:00;28,7;Ветер, дующий с юго-юго-востока;3;
17.05.2019 15:00;30,8;Ветер, дующий с юго-юго-востока;3;
17.05.2019 12:00;29,7;Ветер, дующий с юго-юго-востока;3;
17.05.2019 9:00;24,9;Ветер, дующий с юго-юго-востока;3;
17.05.2019 6:00;19;Ветер, дующий с юго-юго-востока;3;
17.05.2019 3:00;20;Ветер, дующий с юго-юго-востока;3;
17.05.2019 0:00;21,8;Ветер, дующий с юго-юго-востока;3;
16.05.2019 21:00;23,4;Ветер, дующий с юго-юго-востока;3;
16.05.2019 18:00;27,5;Ветер, дующий с юго-юго-востока;3;
16.05.2019 15:00;28,6;Ветер, дующий с юго-юго-востока;3;
16.05.2019 12:00;27;Ветер, дующий с юго-юго-востока;3;
16.05.2019 9:00;22,8;Ветер, дующий с юго-юго-востока;3;
16.05.2019 6:00;16,1;Ветер, дующий с юго-юго-востока;3;
16.05.2019 3:00;15,7;Ветер, дующий с юго-юго-востока;3;
16.05.2019 0:00;17,4;Ветер, дующий с юго-юго-востока;3;
15.05.2019 21:00;20;Ветер, дующий с юго-юго-востока;3;
15.05.2019 18:00;26;Ветер, дующий с юго-юго-востока;3;
15.05.2019 15:00;28,5;Ветер, дующий с юго-юго-востока;3;
15.05.2019 12:00;26,1;Ветер, дующий с юго-юго-востока;3;
15.05.2019 9:00;22,8;Ветер, дующий с юго-юго-востока;3;
15.05.2019 6:00;15,5;Ветер, дующий с юго-юго-востока;3;
15.05.2019 3:00;16;Ветер, дующий с юго-юго-востока;3;
15.05.2019 0:00;18,1;Ветер, дующий с юго-юго-востока;3;
14.05.2019 21:00;18,8;Ветер, дующий с юго-юго-востока;3;
14.05.2019 18:00;21,6;Ветер, дующий с юго-юго-востока;3;
14.05.2019 15:00;24,8;Ветер, дующий с юго-юго-востока;3;
14.05.2019 12:00;22;Ветер, дующий с юго-юго-востока;3;
14.05.2019 9:00;20,3;Ветер, дующий с юго-юго-востока;3;
14.05.2019 6:00;15,6;Ветер, дующий с юго-юго-востока;3;
14.05.2019 3:00;16,8;Ветер, дующий с юго-юго-востока;3;
14.05.2019 0:00;17,4;Ветер, дующий с юго-юго-востока;3;
13.05.2019 21:00;17,6;Ветер, дующий с юго-юго-востока;3;
13.05.2019 18:00;20,2;Ветер, дующий с юго-юго-востока;3;
13.05.2019 15:00;21,9;Ветер, дующий с юго-юго-востока;3;
13.05.2019 12:00;21,7;Ветер, дующий с юго-юго-востока;3;
13.05.2019 9:00;18,9;Ветер, дующий с юго-юго-востока;3;
13.05.2019 6:00;13,5;Ветер, дующий с юго-юго-востока;3;
13.05.2019 3:00;12,5;Ветер, дующий с юго-юго-востока;3;
13.05.2019 0:00;14,6;Ветер, дующий с юго-юго-востока;3;
12.05.2019 21:00;18,1;Ветер, дующий с юго-юго-востока;3;
12.05.2019 18:00;23;Ветер, дующий с юго-юго-востока;3;
12.05.2019 15:00;24,3;Ветер, дующий с юго-юго-востока;3;
12.05.2019 12:00;23,7;Ветер, дующий с юго-юго-востока;3;
12.05.2019 9:00;20,2;Ветер, дующий с юго-юго-востока;3;
12.05.2019 6:00;14,9;Ветер, дующий с юго-юго-востока;3;
12.05.2019 3:00;15,4;Ветер, дующий с юго-юго-востока;3;
12.05.2019 0:00;16,7;Ветер, дующий с юго-юго-востока;3;
11.05.2019 21:00;17,9;Ветер, дующий с юго-юго-востока;3;
11.05.2019 18:00;21;Ветер, дующий с юго-юго-востока;3;
11.05.2019 15:00;20,6;Ветер, дующий с юго-юго-востока;3;
11.05.2019 12:00;19,9;Ветер, дующий с юго-юго-востока;3;
11.05.2019 9:00;15,6;Ветер, дующий с юго-юго-востока;3;
11.05.2019 6:00;8,9;Ветер, дующий с юго-юго-востока;3;
11.05.2019 3:00;8,3;Ветер, дующий с юго-юго-востока;3;
11.05.2019 0:00;9,1;Ветер, дующий с юго-юго-востока;3;
10.05.2019 21:00;11,5;Ветер, дующий с юго-юго-востока;3;
10.05.2019 18:00;17;Ветер, дующий с юго-юго-востока;3;
10.05.2019 15:00;15,9;Ветер, дующий с юго-юго-востока;3;Дождь,
10.05.2019 12:00;12,4;Ветер, дующий с юго-юго-востока;3;Дождь,
10.05.2019 9:00;12,3;Ветер, дующий с юго-юго-востока;3;Дождь,
10.05.2019 6:00;11,4;Ветер, дующий с юго-юго-востока;3;
10.05.2019 3:00;10;Ветер, дующий с юго-юго-востока;3;
10.05.2019 0:00;10,8;Ветер, дующий с юго-юго-востока;3;
09.05.2019 21:00;12,5;Ветер, дующий с юго-юго-востока;3;
09.05.2019 18:00;17;Ветер, дующий с юго-юго-востока;3;
09.05.2019 15:00;18,3;Ветер, дующий с юго-юго-востока;3;
09.05.2019 12:00;18,9;Ветер, дующий с юго-юго-востока;3;
09.05.2019 9:00;17,3;Ветер, дующий с юго-юго-востока;3;
09.05.2019 6:00;15,4;Ветер, дующий с юго-юго-востока;3;Гроза (грозы) с осадками или без них,
09.05.2019 3:00;17;Ветер, дующий с юго-юго-востока;3;Ливень (ливни),
09.05.2019 0:00;17,7;Ветер, дующий с юго-юго-востока;3;
08.05.2019 21:00;20,3;Ветер, дующий с юго-юго-востока;3;
08.05.2019 18:00;24,4;Ветер, дующий с юго-юго-востока;3;
08.05.2019 15:00;25,7;Ветер, дующий с юго-юго-востока;3;
08.05.2019 12:00;22,9;Ветер, дующий с юго-юго-востока;3;
08.05.2019 9:00;19,9;Ветер, дующий с юго-юго-востока;3;
08.05.2019 6:00;14,8;Ветер, дующий с юго-юго-востока;3;
08.05.2019 3:00;15,7;Ветер, дующий с юго-юго-востока;3;
08.05.2019 0:00;17,9;Ветер, дующий с юго-юго-востока;3;
07.05.2019 21:00;20,4;Ветер, дующий с юго-юго-востока;1;
07.05.2019 18:00;25,3;Ветер, дующий с юго-юго-востока;1;
07.05.2019 15:00;27,2;Ветер, дующий с востока;1;
07.05.2019 12:00;25,1;Ветер, дующий с востока;1;
07.05.2019 9:00;20,1;Ветер, дующий с востока;1;
07.05.2019 6:00;14,6;Ветер, дующий с востока;1;Ливень (ливни),
07.05.2019 3:00;16,6;Ветер, дующий с востока;1;
07.05.2019 0:00;15,4;Ветер, дующий с востока;1;
06.05.2019 21:00;17,2;Ветер, дующий с востока;1;
06.05.2019 18:00;23,1;Ветер, дующий с востока;1;
06.05.2019 15:00;24,1;Ветер, дующий с востока;1;
06.05.2019 12:00;23;Ветер, дующий с востока;1;
06.05.2019 9:00;19,7;Ветер, дующий с востока;1;
06.05.2019 6:00;10,9;Ветер, дующий с востока;1;
06.05.2019 3:00;11,7;Ветер, дующий с востока;1;
06.05.2019 0:00;13;Ветер, дующий с востока;1;
05.05.2019 21:00;17,2;Ветер, дующий с востока;1;
05.05.2019 18:00;21,7;Ветер, дующий с востока;1;
05.05.2019 15:00;21,2;Ветер, дующий с востока;1;
05.05.2019 12:00;20,3;Ветер, дующий с востока;1;
05.05.2019 9:00;17,9;Ветер, дующий с востока;1;
05.05.2019 6:00;10,8;Ветер, дующий с востока;1;
05.05.2019 3:00;11,6;Ветер, дующий с востока;1;
05.05.2019 0:00;14,3;Ветер, дующий с востока;1;
04.05.2019 21:00;15,1;Ветер, дующий с востока;1;
04.05.2019 18:00;21,2;Ветер, дующий с востока;1;
04.05.2019 15:00;22,2;Ветер, дующий с востока;1;
04.05.2019 12:00;20;Ветер, дующий с востока;1;
04.05.2019 9:00;17,3;Ветер, дующий с востока;1;
04.05.2019 6:00;10,9;Ветер, дующий с востока;1;
04.05.2019 3:00;11,8;Ветер, дующий с востока;1;
04.05.2019 0:00;13,4;Ветер, дующий с востока;1;
03.05.2019 21:00;15,3;Ветер, дующий с востока;1;
03.05.2019 18:00;18,9;Ветер, дующий с востока;1;
03.05.2019 15:00;20,8;Ветер, дующий с востока;1;
03.05.2019 12:00;19,6;Ветер, дующий с востока;1;
03.05.2019 9:00;16,5;Ветер, дующий с востока;1;
03.05.2019 6:00;10,3;Ветер, дующий с востока;1;
03.05.2019 3:00;11,7;Ветер, дующий с востока;1;
03.05.2019 0:00;14,6;Ветер, дующий с востока;1;
02.05.2019 21:00;15,5;Ветер, дующий с востока;1;Ливень (ливни),
02.05.2019 18:00;18,3;Ветер, дующий с востока;1;
02.05.2019 15:00;21,8;Ветер, дующий с востока;1;
02.05.2019 12:00;21,8;Ветер, дующий с востока;1;
02.05.2019 9:00;18,3;Ветер, дующий с востока;1;
02.05.2019 6:00;13,2;Ветер, дующий с востока;1;
02.05.2019 3:00;14;Ветер, дующий с востока;1;
02.05.2019 0:00;13,9;Ветер, дующий с востока;1;
01.05.2019 21:00;15,2;Ветер, дующий с востока;1;
01.05.2019 18:00;16,7;Ветер, дующий с востока;1;
01.05.2019 15:00;18,2;Ветер, дующий с востока;1;
01.05.2019 12:00;14;Ветер, дующий с востока;1;
01.05.2019 9:00;11,2;Ветер, дующий с востока;1;
01.05.2019 6:00;9,1;Ветер, дующий с востока;1;
01.05.2019 3:00;9,1;Ветер, дующий с востока;1;
01.05.2019 0:00;11,5;Ветер, дующий с востока;1;
30.04.2019 21:00;12,1;Ветер, дующий с востока;1;
30.04.2019 18:00;16,8;Ветер, дующий с востока;1;
30.04.2019 15:00;17,8;Ветер, дующий с востока;1;
30.04.2019 12:00;12,9;Ветер, дующий с востока;1;
30.04.2019 9:00;9,2;Ветер, дующий с востока;1;Ливень (ливни),
30.04.2019 6:00;8,5;Ветер, дующий с востока;1;
30.04.2019 3:00;8,2;Ветер, дующий с востока;1;
30.04.2019 0:00;8,4;Ветер, дующий с востока;1;
29.04.2019 21:00;9,7;Ветер, дующий с востока;1;Ливень (ливни),
29.04.2019 18:00;12,6;Ветер, дующий с востока;1;
29.04.2019 15:00;18,5;Ветер, дующий с востока;1;Ливень (ливни),
29.04.2019 12:00;18;Ветер, дующий с востока;1;
29.04.2019 9:00;15,7;Ветер, дующий с востока;1;
29.04.2019 6:00;12,5;Ветер, дующий с востока;1;
29.04.2019 3:00;15,1;Ветер, дующий с востока;1;
29.04.2019 0:00;16,6;Ветер, дующий с востока;1;
28.04.2019 21:00;18,2;Ветер, дующий с востока;1;
28.04.2019 18:00;22;Ветер, дующий с востока;1;
28.04.2019 15:00;25,6;Ветер, дующий с востока;1;
28.04.2019 12:00;25,2;Ветер, дующий с востока;1;
28.04.2019 9:00;22,3;Ветер, дующий с востока;1;
28.04.2019 6:00;11,1;Ветер, дующий с востока;1;
28.04.2019 3:00;11,3;Ветер, дующий с востока;1;
28.04.2019 0:00;14,6;Ветер, дующий с востока;1;
27.04.2019 21:00;16,4;Ветер, дующий с востока;1;
27.04.2019 18:00;23,7;Ветер, дующий с востока;1;
27.04.2019 15:00;25,8;Ветер, дующий с востока;1;
27.04.2019 12:00;24,6;Ветер, дующий с востока;1;
27.04.2019 9:00;21,6;Ветер, дующий с востока;1;
27.04.2019 6:00;11,1;Ветер, дующий с востока;1;
27.04.2019 3:00;11,9;Ветер, дующий с востока;1;
27.04.2019 0:00;15,5;Ветер, дующий с востока;1;
26.04.2019 21:00;18,2;Ветер, дующий с востока;1;
26.04.2019 18:00;23,3;Ветер, дующий с востока;1;
26.04.2019 15:00;26,1;Ветер, дующий с востока;1;
26.04.2019 12:00;24,7;Ветер, дующий с востока;1;
26.04.2019 9:00;17,1;Ветер, дующий с востока;1;
26.04.2019 6:00;13,1;Ветер, дующий с востока;1;
26.04.2019 3:00;13,3;Ветер, дующий с востока;1;
26.04.2019 0:00;15,3;Ветер, дующий с востока;1;
25.04.2019 21:00;16,8;Ветер, дующий с востока;1;
25.04.2019 18:00;23,7;Ветер, дующий с востока;1;
25.04.2019 15:00;25,4;Ветер, дующий с востока;1;
25.04.2019 12:00;23,8;Ветер, дующий с востока;1;
25.04.2019 9:00;20,3;Ветер, дующий с востока;1;
25.04.2019 6:00;7,2;Ветер, дующий с востока;1;
25.04.2019 3:00;8,5;Ветер, дующий с востока;1;Облака покрывали половину неба или менее в течение всего соответствующего периода,
25.04.2019 0:00;10,3;Ветер, дующий с востока;1;
24.04.2019 21:00;13,2;Ветер, дующий с востока;1;
24.04.2019 18:00;17,3;Ветер, дующий с востока;1;
24.04.2019 15:00;21,8;Ветер, дующий с востока;1;
24.04.2019 12:00;22,1;Ветер, дующий с востока;1;
24.04.2019 9:00;15,3;Ветер, дующий с востока;1;
24.04.2019 6:00;10,7;Ветер, дующий с востока;1;
24.04.2019 3:00;10,7;Ветер, дующий с востока;1;
24.04.2019 0:00;11;Ветер, дующий с востока;1;
23.04.2019 21:00;13,5;Ветер, дующий с востока;1;
23.04.2019 18:00;19,2;Ветер, дующий с востока;1;
23.04.2019 15:00;19,7;Ветер, дующий с востока;1;
23.04.2019 12:00;18,3;Ветер, дующий с востока;1;
23.04.2019 9:00;15,3;Ветер, дующий с востока;1;
23.04.2019 6:00;6,1;Ветер, дующий с востока;1;
23.04.2019 3:00;5,5;Ветер, дующий с востока;1;
23.04.2019 0:00;7,2;Ветер, дующий с востока;1;
22.04.2019 21:00;11,8;Ветер, дующий с востока;1;
22.04.2019 18:00;15,7;Ветер, дующий с востока;1;
22.04.2019 15:00;17,2;Ветер, дующий с востока;1;
22.04.2019 12:00;15,5;Ветер, дующий с востока;1;
22.04.2019 9:00;11,6;Ветер, дующий с востока;1;
22.04.2019 6:00;6,3;Ветер, дующий с востока;1;
22.04.2019 3:00;6,5;Ветер, дующий с востока;1;
22.04.2019 0:00;6,6;Ветер, дующий с востока;1;
21.04.2019 21:00;10,8;Ветер, дующий с востока;1;
21.04.2019 18:00;14,3;Ветер, дующий с востока;1;
21.04.2019 15:00;15,8;Ветер, дующий с востока;1;
21.04.2019 12:00;14,6;Ветер, дующий с востока;1;
21.04.2019 9:00;10,7;Ветер, дующий с востока;1;
21.04.2019 6:00;3;Ветер, дующий с востока;1;
21.04.2019 3:00;4,3;Ветер, дующий с востока;1;
21.04.2019 0:00;5,6;Ветер, дующий с востока;1;
20.04.2019 21:00;8,5;Ветер, дующий с востока;1;
20.04.2019 18:00;12,2;Ветер, дующий с востока;1;
20.04.2019 15:00;13,3;Ветер, дующий с востока;1;
20.04.2019 12:00;11,9;Ветер, дующий с востока;1;
20.04.2019 9:00;8;Ветер, дующий с востока;1;
20.04.2019 6:00;2,9;Ветер, дующий с востока;1;
20.04.2019 3:00;4;Ветер, дующий с востока;1;
20.04.2019 0:00;5,1;Ветер, дующий с востока;1;
19.04.2019 21:00;7;Ветер, дующий с востока;1;
19.04.2019 18:00;9;Ветер, дующий с востока;1;
19.04.2019 15:00;9,9;Ветер, дующий с востока;1;
19.04.2019 12:00;8,9;Ветер, дующий с востока;1;
19.04.2019 9:00;5,4;Ветер, дующий с востока;1;
19.04.2019 6:00;1,7;Ветер, дующий с востока;1;
19.04.2019 3:00;2,7;Ветер, дующий с востока;1;
19.04.2019 0:00;5;Ветер, дующий с востока;1;
18.04.2019 21:00;5,2;Ветер, дующий с востока;1;
18.04.2019 18:00;8,6;Ветер, дующий с востока;1;
18.04.2019 15:00;9,8;Ветер, дующий с востока;1;
18.04.2019 12:00;8,9;Ветер, дующий с востока;1;
18.04.2019 9:00;4,1;Ветер, дующий с востока;1;
18.04.2019 6:00;1,3;Ветер, дующий с востока;1;
18.04.2019 3:00;2,9;Ветер, дующий с востока;1;
18.04.2019 0:00;5,2;Ветер, дующий с востока;1;
17.04.2019 21:00;6,4;Ветер, дующий с востока;1;Ливень (ливни),
17.04.2019 18:00;7;Ветер, дующий с востока;1;Ливень (ливни),
17.04.2019 15:00;6,3;Ветер, дующий с востока;1;
17.04.2019 12:00;7,2;Ветер, дующий с востока;1;Ливень (ливни),
17.04.2019 9:00;9,1;Ветер, дующий с востока;1;
17.04.2019 6:00;9,2;Ветер, дующий с востока;1;
17.04.2019 3:00;9,8;Ветер, дующий с востока;1;
17.04.2019 0:00;10,9;Ветер, дующий с востока;1;Ливень (ливни),
16.04.2019 21:00;11,2;Ветер, дующий с востока;1;Ливень (ливни),
16.04.2019 18:00;12,4;Ветер, дующий с востока;1;Ливень (ливни),
16.04.2019 15:00;12,7;Ветер, дующий с востока;1;
16.04.2019 12:00;13,2;Ветер, дующий с востока;1;Ливень (ливни),
16.04.2019 9:00;11,2;Ветер, дующий с востока;1;Туман или ледяной туман или сильная мгла,
16.04.2019 6:00;10,8;Ветер, дующий с востока;1;
16.04.2019 3:00;9,9;Ветер, дующий с востока;1;Туман или ледяной туман или сильная мгла,
16.04.2019 0:00;10,3;Ветер, дующий с востока;1;
15.04.2019 21:00;12,2;Ветер, дующий с востока;1;
15.04.2019 18:00;14,7;Ветер, дующий с востока;1;
15.04.2019 15:00;13,9;Ветер, дующий с востока;1;
15.04.2019 12:00;12,3;Ветер, дующий с востока;1;
15.04.2019 9:00;10,9;Ветер, дующий с востока;1;
15.04.2019 6:00;11,5;Ветер, дующий с востока;1;
15.04.2019 3:00;11,2;Ветер, дующий с востока;1;Ливень (ливни),
15.04.2019 0:00;11,2;Ветер, дующий с востока;1;
14.04.2019 21:00;11,5;Ветер, дующий с востока;1;
14.04.2019 18:00;12,6;Ветер, дующий с востока;1;
14.04.2019 15:00;14,4;Ветер, дующий с востока;1;
14.04.2019 12:00;11,3;Ветер, дующий с востока;1;
14.04.2019 9:00;10,2;Ветер, дующий с востока;1;
14.04.2019 6:00;9,7;Ветер, дующий с востока;1;
14.04.2019 3:00;10;Ветер, дующий с востока;1;
14.04.2019 0:00;10,2;Ветер, дующий с востока;1;
13.04.2019 21:00;10,9;Ветер, дующий с востока;1;
13.04.2019 18:00;13,1;Ветер, дующий с востока;1;
13.04.2019 15:00;12,6;Ветер, дующий с востока;1;Ливень (ливни),
13.04.2019 12:00;12,8;Ветер, дующий с востока;1;
13.04.2019 9:00;11,1;Ветер, дующий с востока;1;Ливень (ливни),
13.04.2019 6:00;11,1;Ветер, дующий с востока;1;Ливень (ливни),
13.04.2019 3:00;11,3;Ветер, дующий с востока;1;
13.04.2019 0:00;12,5;Ветер, дующий с востока;1;
12.04.2019 21:00;12,5;Ветер, дующий с востока;1;
12.04.2019 18:00;16,3;Ветер, дующий с востока;1;
12.04.2019 15:00;19,2;Ветер, дующий с востока;1;Ливень (ливни),
12.04.2019 12:00;14,6;Ветер, дующий с востока;1;
12.04.2019 9:00;10,9;Ветер, дующий с востока;1;
12.04.2019 6:00;11;Ветер, дующий с востока;1;Морось,
12.04.2019 3:00;10,2;Ветер, дующий с востока;1;
12.04.2019 0:00;12;Ветер, дующий с востока;1;
11.04.2019 21:00;14,6;Ветер, дующий с востока;1;
11.04.2019 18:00;18,3;Ветер, дующий с востока;1;
11.04.2019 15:00;19,9;Ветер, дующий с востока;1;
11.04.2019 12:00;15,9;Ветер, дующий с востока;1;
11.04.2019 9:00;14;Ветер, дующий с востока;1;
11.04.2019 6:00;11,7;Ветер, дующий с востока;1;
11.04.2019 3:00;12,1;Ветер, дующий с востока;1;
11.04.2019 0:00;12,9;Ветер, дующий с востока;1;
10.04.2019 21:00;14,2;Ветер, дующий с востока;1;
10.04.2019 18:00;19,9;Ветер, дующий с востока;1;
10.04.2019 15:00;21,5;Ветер, дующий с востока;1;
10.04.2019 12:00;16,8;Ветер, дующий с востока;1;
10.04.2019 9:00;13,7;Ветер, дующий с востока;1;
10.04.2019 6:00;9,7;Ветер, дующий с востока;1;
10.04.2019 3:00;10,7;Ветер, дующий с востока;1;
10.04.2019 0:00;12,4;Ветер, дующий с востока;1;
09.04.2019 21:00;15,3;Ветер, дующий с востока;1;
09.04.2019 18:00;18,5;Ветер, дующий с востока;1;
09.04.2019 15:00;20,3;Ветер, дующий с востока;1;
09.04.2019 12:00;18;Ветер, дующий с востока;1;
09.04.2019 9:00;12,5;Ветер, дующий с востока;1;
09.04.2019 6:00;7,9;Ветер, дующий с востока;1;
09.04.2019 3:00;9,4;Ветер, дующий с востока;1;
09.04.2019 0:00;11,1;Ветер, дующий с востока;1;
08.04.2019 21:00;12,7;Ветер, дующий с востока;1;
08.04.2019 18:00;16;Ветер, дующий с востока;1;
08.04.2019 15:00;17,6;Ветер, дующий с востока;1;
08.04.2019 12:00;13,9;Ветер, дующий с востока;1;
08.04.2019 9:00;9,4;Ветер, дующий с востока;1;
08.04.2019 6:00;8,6;Ветер, дующий с востока;1;
08.04.2019 3:00;7,3;Ветер, дующий с востока;1;
08.04.2019 0:00;9,5;Ветер, дующий с востока;1;
07.04.2019 21:00;12,3;Ветер, дующий с востока;1;
07.04.2019 18:00;15,8;Ветер, дующий с востока;1;
07.04.2019 15:00;17,5;Ветер, дующий с востока;1;
07.04.2019 12:00;15,9;Ветер, дующий с востока;1;
07.04.2019 9:00;10,1;Ветер, дующий с востока;1;
07.04.2019 6:00;5,7;Ветер, дующий с востока;1;
07.04.2019 3:00;7,3;Ветер, дующий с востока;1;
07.04.2019 0:00;8,5;Ветер, дующий с востока;1;
06.04.2019 21:00;12,1;Ветер, дующий с востока;1;
06.04.2019 18:00;15,1;Ветер, дующий с востока;1;
06.04.2019 15:00;16,4;Ветер, дующий с востока;1;
06.04.2019 12:00;14,7;Ветер, дующий с востока;1;
06.04.2019 9:00;8,8;Ветер, дующий с востока;1;
06.04.2019 6:00;4,5;Ветер, дующий с востока;1;
06.04.2019 3:00;5,4;Ветер, дующий с востока;1;
06.04.2019 0:00;6,8;Ветер, дующий с востока;1;
05.04.2019 21:00;7;Ветер, дующий с востока;1;
05.04.2019 18:00;12,3;Ветер, дующий с востока;1;
05.04.2019 15:00;13,8;Ветер, дующий с востока;1;
05.04.2019 12:00;12;Ветер, дующий с востока;1;
05.04.2019 9:00;7,7;Ветер, дующий с востока;1;
05.04.2019 6:00;1,4;Ветер, дующий с востока;1;
05.04.2019 3:00;2,5;Ветер, дующий с востока;1;
05.04.2019 0:00;3,2;Ветер, дующий с востока;1;
04.04.2019 21:00;5,7;Ветер, дующий с востока;1;
04.04.2019 18:00;8,5;Ветер, дующий с востока;1;
04.04.2019 15:00;8,5;Ветер, дующий с востока;1;
04.04.2019 12:00;6,4;Ветер, дующий с востока;1;
04.04.2019 9:00;3;Ветер, дующий с востока;1;
04.04.2019 6:00;1,7;Ветер, дующий с востока;1;
04.04.2019 3:00;1,8;Ветер, дующий с востока;1;
04.04.2019 0:00;1,8;Ветер, дующий с востока;1;
03.04.2019 21:00;2,5;Ветер, дующий с востока;1;
03.04.2019 18:00;3,7;Ветер, дующий с востока;1;
03.04.2019 15:00;4,5;Ветер, дующий с востока;1;
03.04.2019 12:00;3,6;Ветер, дующий с востока;1;
03.04.2019 9:00;2,4;Ветер, дующий с востока;1;
03.04.2019 6:00;1,7;Ветер, дующий с востока;1;
03.04.2019 3:00;2,2;Ветер, дующий с востока;1;
03.04.2019 0:00;3,9;Ветер, дующий с востока;1;
02.04.2019 21:00;5,3;Ветер, дующий с востока;1;Морось,
02.04.2019 18:00;7,7;Ветер, дующий с востока;1;
02.04.2019 15:00;12,7;Ветер, дующий с востока;1;
02.04.2019 12:00;11,4;Ветер, дующий с востока;1;
02.04.2019 9:00;7,9;Ветер, дующий с востока;1;
02.04.2019 6:00;4,3;Ветер, дующий с востока;1;
02.04.2019 3:00;5,1;Ветер, дующий с востока;1;
02.04.2019 0:00;6,8;Ветер, дующий с востока;1;
01.04.2019 21:00;8,3;Ветер, дующий с востока;1;
01.04.2019 18:00;14,8;Ветер, дующий с востока;1;
01.04.2019 15:00;15,9;Ветер, дующий с востока;1;
01.04.2019 12:00;12,8;Ветер, дующий с востока;1;
01.04.2019 9:00;6,8;Ветер, дующий с востока;1;
01.04.2019 6:00;2,2;Ветер, дующий с востока;1;
01.04.2019 3:00;5;Ветер, дующий с востока;1;
01.04.2019 0:00;7,7;Ветер, дующий с востока;1;
31.03.2019 21:00;10,4;Ветер, дующий с востока;1;
31.03.2019 18:00;15,4;Ветер, дующий с востока;1;
31.03.2019 15:00;17,2;Ветер, дующий с востока;1;
31.03.2019 12:00;14,5;Ветер, дующий с востока;1;
31.03.2019 9:00;7,6;Ветер, дующий с востока;1;
31.03.2019 6:00;2,4;Ветер, дующий с востока;1;
31.03.2019 3:00;3,1;Ветер, дующий с востока;1;
31.03.2019 0:00;5,5;Ветер, дующий с востока;1;
30.03.2019 21:00;7,3;Ветер, дующий с востока;1;
30.03.2019 18:00;11,3;Ветер, дующий с востока;1;
30.03.2019 15:00;10,4;Ветер, дующий с востока;1;
30.03.2019 12:00;8,9;Ветер, дующий с востока;1;
30.03.2019 9:00;5,6;Ветер, дующий с востока;1;Ливень (ливни),
30.03.2019 6:00;3,9;Ветер, дующий с востока;1;Ливень (ливни),
30.03.2019 3:00;4,9;Ветер, дующий с востока;1;
30.03.2019 0:00;4,2;Ветер, дующий с востока;1;
29.03.2019 21:00;5,2;Ветер, дующий с востока;1;
29.03.2019 18:00;6,1;Ветер, дующий с востока;1;
29.03.2019 15:00;7,3;Ветер, дующий с востока;1;
29.03.2019 12:00;7;Ветер, дующий с востока;1;
29.03.2019 9:00;4,2;Ветер, дующий с востока;1;
29.03.2019 6:00;-1,3;Ветер, дующий с востока;1;
29.03.2019 3:00;-0,1;Ветер, дующий с востока;1;
29.03.2019 0:00;0,4;Ветер, дующий с востока;1;
28.03.2019 21:00;2;Ветер, дующий с востока;1;
28.03.2019 18:00;5,9;Ветер, дующий с востока;1;
28.03.2019 15:00;6,7;Ветер, дующий с востока;1;
28.03.2019 12:00;4,7;Ветер, дующий с востока;1;
28.03.2019 9:00;2,3;Ветер, дующий с востока;1;
28.03.2019 6:00;1,9;Ветер, дующий с востока;1;
28.03.2019 3:00;2,6;Ветер, дующий с востока;1;
28.03.2019 0:00;5,5;Ветер, дующий с востока;1;
27.03.2019 21:00;4,8;Ветер, дующий с востока;1;
27.03.2019 18:00;9;Ветер, дующий с востока;1;
27.03.2019 15:00;8,9;Ветер, дующий с востока;1;
27.03.2019 12:00;8,3;Ветер, дующий с востока;1;Ливень (ливни),
27.03.2019 9:00;8,8;Ветер, дующий с востока;1;
27.03.2019 6:00;4,8;Ветер, дующий с востока;1;
27.03.2019 3:00;4,1;Ветер, дующий с востока;1;
27.03.2019 0:00;7,2;Ветер, дующий с востока;1;
26.03.2019 21:00;9,5;Ветер, дующий с востока;1;
26.03.2019 18:00;11,6;Ветер, дующий с востока;1;
26.03.2019 15:00;15,1;Ветер, дующий с востока;1;
26.03.2019 12:00;13,4;Ветер, дующий с востока;1;
26.03.2019 9:00;7,6;Ветер, дующий с востока;1;
26.03.2019 6:00;3,7;Ветер, дующий с востока;1;
26.03.2019 3:00;3,5;Ветер, дующий с востока;1;
26.03.2019 0:00;4,4;Ветер, дующий с востока;1;
25.03.2019 21:00;6,3;Ветер, дующий с востока;1;
25.03.2019 18:00;8,5;Ветер, дующий с востока;1;
25.03.2019 15:00;10;Ветер, дующий с востока;1;
25.03.2019 12:00;9,5;Ветер, дующий с востока;1;
25.03.2019 9:00;5,3;Ветер, дующий с востока;1;
25.03.2019 6:00;2,9;Ветер, дующий с востока;1;
25.03.2019 3:00;4,2;Ветер, дующий с востока;1;
25.03.2019 0:00;4,2;Ветер, дующий с востока;1;
24.03.2019 21:00;3,8;Ветер, дующий с востока;1;
24.03.2019 18:00;3,8;Ветер, дующий с востока;1;
24.03.2019 15:00;3,7;Ветер, дующий с востока;1;Ливень (ливни),
24.03.2019 12:00;3,2;Ветер, дующий с востока;1;Ливень (ливни),
24.03.2019 9:00;1,4;Ветер, дующий с востока;1;Ливень (ливни),
24.03.2019 6:00;0,8;Ветер, дующий с востока;1;Дождь,
24.03.2019 3:00;0,7;Ветер, дующий с востока;1;
24.03.2019 0:00;1,5;Ветер, дующий с востока;1;Дождь,
23.03.2019 21:00;2,4;Ветер, дующий с востока;1;Ливень (ливни),
23.03.2019 18:00;4,4;Ветер, дующий с востока;1;Ливень (ливни),
23.03.2019 15:00;3,3;Ветер, дующий с востока;1;
23.03.2019 12:00;5,7;Ветер, дующий с востока;1;
23.03.2019 9:00;3,5;Ветер, дующий с востока;1;
23.03.2019 6:00;1,8;Ветер, дующий с востока;1;
23.03.2019 3:00;3,5;Ветер, дующий с востока;1;
23.03.2019 0:00;5,2;Ветер, дующий с востока;1;
22.03.2019 21:00;6;Ветер, дующий с востока;1;
22.03.2019 18:00;6,3;Ветер, дующий с востока;1;
22.03.2019 15:00;9;Ветер, дующий с востока;1;
22.03.2019 12:00;7,1;Ветер, дующий с востока;1;
22.03.2019 9:00;4;Ветер, дующий с востока;1;
22.03.2019 6:00;1,3;Ветер, дующий с востока;1;
22.03.2019 3:00;3,6;Ветер, дующий с востока;1;
22.03.2019 0:00;5,7;Ветер, дующий с востока;1;
21.03.2019 21:00;5;Ветер, дующий с востока;1;
21.03.2019 18:00;6,4;Ветер, дующий с востока;1;
21.03.2019 15:00;9,1;Ветер, дующий с востока;1;
21.03.2019 12:00;12,4;Ветер, дующий с востока;1;
21.03.2019 9:00;8,9;Ветер, дующий с востока;1;
21.03.2019 6:00;0,5;Ветер, дующий с востока;1;
21.03.2019 3:00;2;Ветер, дующий с востока;1;
21.03.2019 0:00;5,3;Ветер, дующий с востока;1;
20.03.2019 21:00;6,5;Ветер, дующий с востока;1;
20.03.2019 18:00;11;Ветер, дующий с востока;1;
20.03.2019 15:00;12,4;Ветер, дующий с востока;1;
20.03.2019 12:00;9,9;Ветер, дующий с востока;1;
20.03.2019 9:00;4,8;Ветер, дующий с востока;1;
20.03.2019 6:00;0,5;Ветер, дующий с востока;1;
20.03.2019 3:00;1,3;Ветер, дующий с востока;1;
20.03.2019 0:00;2,9;Ветер, дующий с востока;1;
19.03.2019 21:00;3,6;Ветер, дующий с востока;1;
19.03.2019 18:00;4,8;Ветер, дующий с востока;1;
19.03.2019 15:00;6,1;Ветер, дующий с востока;1;
19.03.2019 12:00;7,2;Ветер, дующий с востока;1;
19.03.2019 9:00;2,7;Ветер, дующий с востока;1;
19.03.2019 6:00;2,2;Ветер, дующий с востока;1;
19.03.2019 3:00;3,3;Ветер, дующий с востока;1;
19.03.2019 0:00;4,9;Ветер, дующий с востока;1;
18.03.2019 21:00;6,5;Ветер, дующий с востока;1;
18.03.2019 18:00;9,4;Ветер, дующий с востока;1;
18.03.2019 15:00;10,8;Ветер, дующий с востока;1;
18.03.2019 12:00;8;Ветер, дующий с востока;1;
18.03.2019 9:00;5,8;Ветер, дующий с востока;1;
18.03.2019 6:00;5;Ветер, дующий с востока;1;Облака покрывали более половины неба в течение всего соответствующего периода,
18.03.2019 3:00;4,6;Ветер, дующий с востока;1;
18.03.2019 0:00;5,9;Ветер, дующий с востока;1;
17.03.2019 21:00;6,2;Ветер, дующий с востока;1;
17.03.2019 18:00;7,6;Ветер, дующий с востока;1;
17.03.2019 15:00;8,5;Ветер, дующий с востока;1;
17.03.2019 12:00;8;Ветер, дующий с востока;1;
17.03.2019 9:00;5,6;Ветер, дующий с востока;1;
17.03.2019 6:00;2,3;Ветер, дующий с востока;1;Облака покрывали более половины неба в течение всего соответствующего периода,
17.03.2019 3:00;2,2;Ветер, дующий с востока;1;
17.03.2019 0:00;2,2;Ветер, дующий с востока;1;
16.03.2019 21:00;3,3;Ветер, дующий с востока;1;
16.03.2019 18:00;7;Ветер, дующий с востока;1;
16.03.2019 15:00;7,8;Ветер, дующий с востока;1;
16.03.2019 12:00;4,7;Ветер, дующий с востока;1;Туман или ледяной туман или сильная мгла,
16.03.2019 9:00;2,6;Ветер, дующий с востока;1;Облака покрывали более половины неба в течение всего соответствующего периода,
16.03.2019 6:00;2;Ветер, дующий с востока;1;
16.03.2019 3:00;2,3;Ветер, дующий с востока;1;
16.03.2019 0:00;3,2;Ветер, дующий с востока;1;Ливень (ливни),
15.03.2019 21:00;4,3;Ветер, дующий с востока;1;
15.03.2019 18:00;4,6;Ветер, дующий с востока;1;
15.03.2019 15:00;4,1;Ветер, дующий с востока;1;Ливень (ливни),
15.03.2019 12:00;1,6;Ветер, дующий с востока;1;Ливень (ливни),
15.03.2019 9:00;0,6;Ветер, дующий с востока;1;
15.03.2019 6:00;0,2;Ветер, дующий с востока;1;Дождь со снегом или другими видами твердых осадков
15.03.2019 3:00;1,9;Ветер, дующий с востока;2;
15.03.2019 0:00;2;Ветер, дующий с востока;2;
14.03.2019 21:00;2,5;Ветер, дующий с востока;2;
14.03.2019 18:00;5,5;Ветер, дующий с востока;2;
14.03.2019 15:00;7,1;Ветер, дующий с востока;2;
14.03.2019 12:00;5,7;Ветер, дующий с востока;2;
14.03.2019 9:00;3;Ветер, дующий с востока;2;
14.03.2019 6:00;-1,7;Ветер, дующий с востока;2;
14.03.2019 3:00;-1,1;Ветер, дующий с востока;2;
14.03.2019 0:00;0;Ветер, дующий с востока;2;Морось,
13.03.2019 21:00;2,8;Ветер, дующий с востока;2;
13.03.2019 18:00;5,2;Ветер, дующий с востока;2;
13.03.2019 15:00;5,1;Ветер, дующий с востока;2;
13.03.2019 12:00;2,6;Ветер, дующий с востока;2;
13.03.2019 9:00;1,2;Ветер, дующий с востока;2;
13.03.2019 6:00;0,4;Ветер, дующий с востока;2;
13.03.2019 3:00;0,4;Ветер, дующий с востока;2;Ливень (ливни),
13.03.2019 0:00;0,2;Ветер, дующий с востока;2;
12.03.2019 21:00;0,2;Ветер, дующий с востока;2;Ливень (ливни),
12.03.2019 18:00;0,3;Ветер, дующий с востока;2;
12.03.2019 15:00;1,9;Ветер, дующий с востока;2;Ливень (ливни),
12.03.2019 12:00;5,5;Ветер, дующий с востока;2;
12.03.2019 9:00;3,8;Ветер, дующий с востока;2;
12.03.2019 6:00;3,1;Ветер, дующий с востока;2;
12.03.2019 3:00;4;Ветер, дующий с востока;2;
12.03.2019 0:00;6,5;Ветер, дующий с востока;2;
11.03.2019 21:00;9,9;Ветер, дующий с востока;2;
11.03.2019 18:00;10;Ветер, дующий с востока;2;Ливень (ливни),
11.03.2019 15:00;7,8;Ветер, дующий с востока;2;Ливень (ливни),
11.03.2019 12:00;9,9;Ветер, дующий с востока;2;Ливень (ливни),
11.03.2019 9:00;5,9;Ветер, дующий с востока;2;
11.03.2019 6:00;3,4;Ветер, дующий с востока;2;
11.03.2019 3:00;4,3;Ветер, дующий с востока;2;
11.03.2019 0:00;6,1;Ветер, дующий с востока;2;
10.03.2019 21:00;8,9;Ветер, дующий с востока;2;Ливень (ливни),
10.03.2019 18:00;8,9;Ветер, дующий с востока;2;Ливень (ливни),
10.03.2019 15:00;10;Ветер, дующий с востока;2;Ливень (ливни),
10.03.2019 12:00;8,3;Ветер, дующий с востока;2;
10.03.2019 9:00;8,2;Ветер, дующий с востока;2;
10.03.2019 6:00;8;Ветер, дующий с востока;2;
10.03.2019 3:00;8,4;Ветер, дующий с востока;2;
10.03.2019 0:00;7,7;Ветер, дующий с востока;2;
09.03.2019 21:00;8,8;Ветер, дующий с востока;2;
09.03.2019 18:00;12,8;Ветер, дующий с востока;2;
09.03.2019 15:00;15,1;Ветер, дующий с востока;2;
09.03.2019 12:00;12,2;Ветер, дующий с востока;2;
09.03.2019 9:00;6,2;Ветер, дующий с востока;2;
09.03.2019 6:00;4,2;Ветер, дующий с востока;2;
09.03.2019 3:00;5,4;Ветер, дующий с востока;2;
09.03.2019 0:00;6,7;Ветер, дующий с востока;2;
08.03.2019 21:00;7,1;Ветер, дующий с востока;2;
08.03.2019 18:00;11,3;Ветер, дующий с востока;2;
08.03.2019 15:00;12,3;Ветер, дующий с востока;2;
08.03.2019 12:00;9,4;Ветер, дующий с востока;2;
08.03.2019 9:00;1,6;Ветер, дующий с востока;2;
08.03.2019 6:00;-1,2;Ветер, дующий с востока;2;
08.03.2019 3:00;-0,9;Ветер, дующий с востока;2;
08.03.2019 0:00;0,5;Ветер, дующий с востока;2;
07.03.2019 21:00;2,9;Ветер, дующий с востока;2;
07.03.2019 18:00;6,6;Ветер, дующий с востока;2;
07.03.2019 15:00;7,9;Ветер, дующий с востока;2;
07.03.2019 12:00;6,8;Ветер, дующий с востока;2;
07.03.2019 9:00;4,7;Ветер, дующий с востока;2;
07.03.2019 6:00;1,5;Ветер, дующий с востока;2;
07.03.2019 3:00;2,5;Ветер, дующий с востока;2;
07.03.2019 0:00;4,1;Ветер, дующий с востока;2;
06.03.2019 21:00;7,1;Ветер, дующий с востока;2;
06.03.2019 18:00;9,2;Ветер, дующий с востока;2;
06.03.2019 15:00;11,1;Ветер, дующий с востока;2;
06.03.2019 12:00;10,5;Ветер, дующий с востока;2;
06.03.2019 9:00;5,4;Ветер, дующий с востока;2;Облака покрывали более половины неба в течение всего соответствующего периода,
06.03.2019 6:00;4,9;Ветер, дующий с востока;2;
06.03.2019 3:00;6,8;Ветер, дующий с востока;2;
06.03.2019 0:00;7,3;Ветер, дующий с востока;2;
05.03.2019 21:00;7,5;Ветер, дующий с востока;2;
05.03.2019 18:00;10,7;Ветер, дующий с востока;2;
05.03.2019 15:00;11,9;Ветер, дующий с востока;2;
05.03.2019 12:00;9,7;Ветер, дующий с востока;2;
05.03.2019 9:00;4,4;Ветер, дующий с востока;2;
05.03.2019 6:00;3,6;Ветер, дующий с востока;2;
05.03.2019 3:00;4;Ветер, дующий с востока;2;
05.03.2019 0:00;3,3;Ветер, дующий с востока;2;Дождь,
04.03.2019 21:00;3,8;Ветер, дующий с востока;2;
04.03.2019 18:00;4,7;Ветер, дующий с востока;2;
04.03.2019 15:00;5;Ветер, дующий с востока;2;
04.03.2019 12:00;4,1;Ветер, дующий с востока;2;
04.03.2019 9:00;0,5;Ветер, дующий с востока;2;
04.03.2019 6:00;-2,5;Ветер, дующий с востока;2;
04.03.2019 3:00;-2,5;Ветер, дующий с востока;2;
04.03.2019 0:00;-2,5;Ветер, дующий с востока;2;
03.03.2019 21:00;-2,4;Ветер, дующий с востока;2;
03.03.2019 18:00;-1,4;Ветер, дующий с востока;2;
03.03.2019 15:00;-0,2;Ветер, дующий с востока;2;Снег и/или другие виды твердых осадков
03.03.2019 12:00;0,3;Ветер, дующий с востока;2;Дождь со снегом или другими видами твердых осадков
03.03.2019 9:00;-0,9;Ветер, дующий с востока;2;Снег и/или другие виды твердых осадков
03.03.2019 6:00;-1,4;Ветер, дующий с востока;2;
03.03.2019 3:00;-0,8;Ветер, дующий с востока;2;
03.03.2019 0:00;-1,1;Ветер, дующий с востока;2;
02.03.2019 21:00;-0,5;Ветер, дующий с востока;2;
02.03.2019 18:00;0,8;Ветер, дующий с востока;2;Ливень (ливни),
02.03.2019 15:00;2,6;Ветер, дующий с востока;2;Ливень (ливни),
02.03.2019 12:00;3,3;Ветер, дующий с востока;2;
02.03.2019 9:00;1,5;Ветер, дующий с востока;2;Дождь со снегом или другими видами твердых осадков
02.03.2019 6:00;1,2;Ветер, дующий с востока;2;
02.03.2019 3:00;1,6;Ветер, дующий с востока;2;
02.03.2019 0:00;1,8;Ветер, дующий с востока;2;
01.03.2019 21:00;1,6;Ветер, дующий с востока;2;Ливень (ливни),
01.03.2019 18:00;1,5;Ветер, дующий с востока;2;Ливень (ливни),
01.03.2019 15:00;2,2;Ветер, дующий с востока;2;Дождь,
01.03.2019 12:00;4;Ветер, дующий с востока;2;
01.03.2019 9:00;2,7;Ветер, дующий с востока;2;
01.03.2019 6:00;4,5;Ветер, дующий с востока;2;Дождь,
01.03.2019 3:00;3,1;Ветер, дующий с востока;2;
01.03.2019 0:00;0,7;Ветер, дующий с востока;2;Дождь со снегом или другими видами твердых осадков
28.02.2019 21:00;0,7;Ветер, дующий с востока;2;
28.02.2019 18:00;2,2;Ветер, дующий с востока;2;
28.02.2019 15:00;3,4;Ветер, дующий с востока;2;
28.02.2019 12:00;3;Ветер, дующий с востока;2;
28.02.2019 9:00;0,4;Ветер, дующий с востока;2;
28.02.2019 6:00;-1,8;Ветер, дующий с востока;2;Облака покрывали более половины неба в течение всего соответствующего периода,
28.02.2019 3:00;-2,3;Ветер, дующий с востока;2;
28.02.2019 0:00;-2,1;Ветер, дующий с востока;2;
27.02.2019 21:00;-0,1;Ветер, дующий с востока;2;
27.02.2019 18:00;1,9;Ветер, дующий с востока;2;
27.02.2019 15:00;3,5;Ветер, дующий с востока;2;Ливень (ливни),
27.02.2019 12:00;2,6;Ветер, дующий с востока;2;Ливень (ливни),
27.02.2019 9:00;0,8;Ветер, дующий с востока;2;
27.02.2019 6:00;-0,2;Ветер, дующий с востока;2;Ливень (ливни),
27.02.2019 3:00;0,2;Ветер, дующий с востока;2;
27.02.2019 0:00;0,7;Ветер, дующий с востока;2;Ливень (ливни),
26.02.2019 21:00;0,8;Ветер, дующий с востока;2;
26.02.2019 18:00;1,5;Ветер, дующий с востока;2;
26.02.2019 15:00;2,7;Ветер, дующий с востока;2;
26.02.2019 12:00;1,3;Ветер, дующий с востока;2;
26.02.2019 9:00;0,2;Ветер, дующий с востока;2;
26.02.2019 6:00;0;Ветер, дующий с востока;2;
26.02.2019 3:00;0;Ветер, дующий с востока;2;Ливень (ливни),
26.02.2019 0:00;-0,3;Ветер, дующий с востока;2;
25.02.2019 21:00;-1;Ветер, дующий с востока;2;
25.02.2019 18:00;-0,6;Ветер, дующий с востока;2;Снег и/или другие виды твердых осадков
25.02.2019 15:00;0,4;Ветер, дующий с востока;2;
25.02.2019 12:00;1,3;Ветер, дующий с востока;2;
25.02.2019 9:00;-2,4;Ветер, дующий с востока;2;
25.02.2019 6:00;-5,2;Ветер, дующий с востока;2;
25.02.2019 3:00;-6,1;Ветер, дующий с востока;2;
25.02.2019 0:00;-6,1;Ветер, дующий с востока;2;
24.02.2019 21:00;-6,5;Ветер, дующий с востока;2;
24.02.2019 18:00;-4,6;Ветер, дующий с востока;2;
24.02.2019 15:00;-3,6;Ветер, дующий с востока;2;
24.02.2019 12:00;-5,3;Ветер, дующий с востока;2;
24.02.2019 9:00;-7,5;Ветер, дующий с востока;2;
24.02.2019 6:00;-10,3;Ветер, дующий с востока;2;
24.02.2019 3:00;-9,4;Ветер, дующий с востока;2;
24.02.2019 0:00;-8;Ветер, дующий с востока;2;
23.02.2019 21:00;-5,7;Ветер, дующий с востока;2;Снег и/или другие виды твердых осадков
23.02.2019 18:00;-4,5;Ветер, дующий с востока;2;Снег и/или другие виды твердых осадков
23.02.2019 15:00;-3,7;Ветер, дующий с востока;2;Снег и/или другие виды твердых осадков
23.02.2019 12:00;-4,7;Ветер, дующий с востока;2;Снег и/или другие виды твердых осадков
23.02.2019 9:00;-6,2;Ветер, дующий с востока;2;
23.02.2019 6:00;-6,7;Ветер, дующий с востока;2;
23.02.2019 3:00;-6,5;Ветер, дующий с востока;2;Снег и/или другие виды твердых осадков
23.02.2019 0:00;-5,5;Ветер, дующий с востока;2;Снег и/или другие виды твердых осадков
22.02.2019 21:00;-3,9;Ветер, дующий с востока;2;
22.02.2019 18:00;-1,5;Ветер, дующий с востока;2;
22.02.2019 15:00;-0,1;Ветер, дующий с востока;2;
22.02.2019 12:00;-0,3;Ветер, дующий с востока;2;
22.02.2019 9:00;-2,5;Ветер, дующий с востока;2;
22.02.2019 6:00;-2,5;Ветер, дующий с востока;2;
22.02.2019 3:00;-1,1;Ветер, дующий с востока;2;
22.02.2019 0:00;-0,4;Ветер, дующий с востока;2;
21.02.2019 21:00;1,4;Ветер, дующий с востока;2;Дождь со снегом или другими видами твердых осадков
21.02.2019 18:00;3,9;Ветер, дующий с востока;2;
21.02.2019 15:00;5,6;Ветер, дующий с востока;2;
21.02.2019 12:00;6;Ветер, дующий с востока;2;
21.02.2019 9:00;3,3;Ветер, дующий с востока;2;Дождь,
21.02.2019 6:00;2,3;Ветер, дующий с востока;2;
21.02.2019 3:00;1,3;Ветер, дующий с востока;2;
21.02.2019 0:00;1,4;Ветер, дующий с востока;2;
20.02.2019 21:00;1,7;Ветер, дующий с востока;2;
20.02.2019 18:00;4;Ветер, дующий с востока;2;
20.02.2019 15:00;7,6;Ветер, дующий с востока;2;
20.02.2019 12:00;4,2;Ветер, дующий с востока;2;
20.02.2019 9:00;-1,9;Ветер, дующий с востока;2;
20.02.2019 6:00;-5,1;Ветер, дующий с востока;2;
20.02.2019 3:00;-4,5;Ветер, дующий с востока;2;
20.02.2019 0:00;-4,1;Ветер, дующий с востока;2;
19.02.2019 21:00;-3,3;Ветер, дующий с востока;2;
19.02.2019 18:00;-0,9;Ветер, дующий с востока;2;
19.02.2019 15:00;1,1;Ветер, дующий с востока;2;
19.02.2019 12:00;-0,2;Ветер, дующий с востока;2;
19.02.2019 9:00;-3,8;Ветер, дующий с востока;2;
19.02.2019 6:00;-5,3;Ветер, дующий с востока;2;
19.02.2019 3:00;-3,5;Ветер, дующий с востока;2;
19.02.2019 0:00;-0,9;Ветер, дующий с востока;2;
18.02.2019 21:00;-1,1;Ветер, дующий с востока;2;
18.02.2019 18:00;0,8;Ветер, дующий с востока;2;
18.02.2019 15:00;3,7;Ветер, дующий с востока;2;
18.02.2019 12:00;3,9;Ветер, дующий с востока;2;
18.02.2019 9:00;1,9;Ветер, дующий с востока;2;
18.02.2019 6:00;1,9;Ветер, дующий с востока;2;Облака покрывали более половины неба в течение всего соответствующего периода,
18.02.2019 3:00;3,3;Ветер, дующий с востока;2;
18.02.2019 0:00;3,3;Ветер, дующий с востока;2;
17.02.2019 21:00;3,7;Ветер, дующий с востока;2;Облака покрывали более половины неба в течение всего соответствующего периода,
17.02.2019 18:00;2,2;Ветер, дующий с востока;2;
17.02.2019 15:00;1,4;Ветер, дующий с востока;2;
17.02.2019 12:00;1,2;Ветер, дующий с востока;2;
17.02.2019 9:00;0,3;Ветер, дующий с востока;2;
17.02.2019 6:00;0,8;Ветер, дующий с востока;2;
17.02.2019 3:00;0,9;Ветер, дующий с востока;2;
17.02.2019 0:00;1,2;Ветер, дующий с востока;2;
16.02.2019 21:00;1,5;Ветер, дующий с востока;2;
16.02.2019 18:00;1,9;Ветер, дующий с востока;2;Облака покрывали более половины неба в течение всего соответствующего периода,
16.02.2019 15:00;1,9;Ветер, дующий с востока;2;
16.02.2019 12:00;0,3;Ветер, дующий с востока;2;
16.02.2019 9:00;-1,2;Ветер, дующий с востока;2;
16.02.2019 6:00;-2,4;Ветер, дующий с востока;2;
16.02.2019 3:00;-2,8;Ветер, дующий с востока;2;
16.02.2019 0:00;-4,7;Ветер, дующий с востока;2;
15.02.2019 21:00;-3,5;Ветер, дующий с востока;2;
15.02.2019 18:00;-0,8;Ветер, дующий с востока;2;
15.02.2019 15:00;1,8;Ветер, дующий с востока;2;
15.02.2019 12:00;0,5;Ветер, дующий с востока;2;
15.02.2019 9:00;-2,8;Ветер, дующий с востока;2;
15.02.2019 6:00;-4,3;Ветер, дующий с востока;2;
15.02.2019 3:00;-3,1;Ветер, дующий с востока;2;
15.02.2019 0:00;-2,4;Ветер, дующий с востока;2;
14.02.2019 21:00;-1;Ветер, дующий с востока;2;
14.02.2019 18:00;0,1;Ветер, дующий с востока;2;
14.02.2019 15:00;2,6;Ветер, дующий с востока;2;
14.02.2019 12:00;1,9;Ветер, дующий с востока;2;
14.02.2019 9:00;-1;Ветер, дующий с востока;2;
14.02.2019 6:00;-2,2;Ветер, дующий с востока;2;
14.02.2019 3:00;0,4;Ветер, дующий с востока;2;
14.02.2019 0:00;1,2;Ветер, дующий с востока;2;
13.02.2019 21:00;2,3;Ветер, дующий с востока;2;
13.02.2019 18:00;3,7;Ветер, дующий с востока;2;
13.02.2019 15:00;6,9;Ветер, дующий с востока;2;
13.02.2019 12:00;4;Ветер, дующий с востока;2;
13.02.2019 9:00;-0,7;Ветер, дующий с востока;2;
13.02.2019 6:00;-1,8;Ветер, дующий с востока;2;
13.02.2019 3:00;-2;Ветер, дующий с востока;2;
13.02.2019 0:00;-0,9;Ветер, дующий с востока;2;
12.02.2019 21:00;0,7;Ветер, дующий с запада;2;
12.02.2019 18:00;4,2;Ветер, дующий с запада;2;
12.02.2019 15:00;7,1;Ветер, дующий с запада;2;
12.02.2019 12:00;3,6;Ветер, дующий с запада;2;
12.02.2019 9:00;1,1;Ветер, дующий с запада;2;
12.02.2019 6:00;0,7;Ветер, дующий с запада;2;
12.02.2019 3:00;2,4;Ветер, дующий с запада;2;
12.02.2019 0:00;2,5;Ветер, дующий с запада;2;
11.02.2019 21:00;2,7;Ветер, дующий с запада;2;
11.02.2019 18:00;3,2;Ветер, дующий с запада;2;
11.02.2019 15:00;3,7;Ветер, дующий с запада;2;
11.02.2019 12:00;1,5;Ветер, дующий с запада;2;
11.02.2019 9:00;-0,1;Ветер, дующий с запада;2;Морось,
11.02.2019 6:00;-0,3;Ветер, дующий с запада;2;
11.02.2019 3:00;0;Ветер, дующий с запада;2;
11.02.2019 0:00;0;Ветер, дующий с запада;2;
10.02.2019 21:00;0,1;Ветер, дующий с запада;2;
10.02.2019 18:00;0,2;Ветер, дующий с запада;2;Облака покрывали более половины неба в течение всего соответствующего периода,
10.02.2019 15:00;0,1;Ветер, дующий с запада;2;Дождь со снегом или другими видами твердых осадков
10.02.2019 12:00;-0,7;Ветер, дующий с запада;2;Снег и/или другие виды твердых осадков
10.02.2019 9:00;-1,9;Ветер, дующий с запада;2;Снег и/или другие виды твердых осадков
10.02.2019 6:00;-2,3;Ветер, дующий с запада;2;Снег и/или другие виды твердых осадков
10.02.2019 3:00;-2,1;Ветер, дующий с запада;2;Снег и/или другие виды твердых осадков
10.02.2019 0:00;-2,1;Ветер, дующий с запада;2;
09.02.2019 21:00;-1,8;Ветер, дующий с запада;2;
09.02.2019 18:00;-1,7;Ветер, дующий с запада;2;
09.02.2019 15:00;-1,3;Ветер, дующий с запада;2;
09.02.2019 12:00;-1,6;Ветер, дующий с запада;2;Снег и/или другие виды твердых осадков
09.02.2019 9:00;-2,4;Ветер, дующий с запада;2;Снег и/или другие виды твердых осадков
09.02.2019 6:00;-2,1;Ветер, дующий с запада;2;
09.02.2019 3:00;-1,3;Ветер, дующий с запада;2;
09.02.2019 0:00;-1,5;Ветер, дующий с запада;2;
08.02.2019 21:00;-1,6;Ветер, дующий с запада;2;
08.02.2019 18:00;-1,7;Ветер, дующий с запада;2;
08.02.2019 15:00;-1,3;Ветер, дующий с запада;2;Снег и/или другие виды твердых осадков
08.02.2019 12:00;-1,5;Ветер, дующий с запада;2;
08.02.2019 9:00;-2;Ветер, дующий с запада;2;
08.02.2019 6:00;-1,4;Ветер, дующий с запада;2;
08.02.2019 3:00;-1,3;Ветер, дующий с запада;2;
08.02.2019 0:00;-1,1;Ветер, дующий с запада;2;
07.02.2019 21:00;-1,7;Ветер, дующий с запада;2;
07.02.2019 18:00;-0,6;Ветер, дующий с запада;2;
07.02.2019 15:00;0,7;Ветер, дующий с запада;2;
07.02.2019 12:00;0,4;Ветер, дующий с запада;2;
07.02.2019 9:00;-0,1;Ветер, дующий с запада;2;Туман или ледяной туман или сильная мгла,
07.02.2019 6:00;0,7;Ветер, дующий с запада;2;Туман или ледяной туман или сильная мгла,
07.02.2019 3:00;0,5;Ветер, дующий с запада;2;Облака покрывали более половины неба в течение всего соответствующего периода,
07.02.2019 0:00;0,8;Ветер, дующий с запада;2;Облака покрывали более половины неба в течение всего соответствующего периода,
06.02.2019 21:00;1,6;Ветер, дующий с запада;2;
06.02.2019 18:00;2,5;Ветер, дующий с запада;2;
06.02.2019 15:00;2,7;Ветер, дующий с запада;2;Морось,
06.02.2019 12:00;1,3;Ветер, дующий с запада;2;
06.02.2019 9:00;0,3;Ветер, дующий с запада;2;
06.02.2019 6:00;0,3;Ветер, дующий с запада;2;
06.02.2019 3:00;-0,2;Ветер, дующий с запада;2;
06.02.2019 0:00;-1,3;Ветер, дующий с запада;2;
05.02.2019 21:00;1,3;Ветер, дующий с запада;2;
05.02.2019 18:00;1,6;Ветер, дующий с запада;2;
05.02.2019 15:00;1,2;Ветер, дующий с запада;2;Туман или ледяной туман или сильная мгла,
05.02.2019 12:00;-1,7;Ветер, дующий с запада;2;Туман или ледяной туман или сильная мгла,
05.02.2019 9:00;-2,5;Ветер, дующий с запада;2;Туман или ледяной туман или сильная мгла,
05.02.2019 6:00;-1,9;Ветер, дующий с запада;2;
05.02.2019 3:00;-1,7;Ветер, дующий с запада;2;Туман или ледяной туман или сильная мгла,
05.02.2019 0:00;-1,3;Ветер, дующий с запада;2;Туман или ледяной туман или сильная мгла,
04.02.2019 21:00;-1,6;Ветер, дующий с запада;2;Туман или ледяной туман или сильная мгла,
04.02.2019 18:00;-1,8;Ветер, дующий с запада;2;Туман или ледяной туман или сильная мгла,
04.02.2019 15:00;-1,2;Ветер, дующий с запада;2;Туман или ледяной туман или сильная мгла,
04.02.2019 12:00;-2,1;Ветер, дующий с запада;2;Туман или ледяной туман или сильная мгла,
04.02.2019 9:00;-2,7;Ветер, дующий с запада;2;Туман или ледяной туман или сильная мгла,
04.02.2019 6:00;-2,5;Ветер, дующий с запада;2;Туман или ледяной туман или сильная мгла,
04.02.2019 3:00;-2,6;Ветер, дующий с запада;2;Облака покрывали более половины неба в течение всего соответствующего периода,
04.02.2019 0:00;-1,9;Ветер, дующий с запада;2;Облака покрывали более половины неба в течение всего соответствующего периода,
03.02.2019 21:00;-0,3;Ветер, дующий с запада;2;
03.02.2019 18:00;1,5;Ветер, дующий с запада;2;
03.02.2019 15:00;1,9;Ветер, дующий с запада;2;
03.02.2019 12:00;0,5;Ветер, дующий с запада;2;
03.02.2019 9:00;-1;Ветер, дующий с запада;2;
03.02.2019 6:00;-1,1;Ветер, дующий с запада;2;
03.02.2019 3:00;-1;Ветер, дующий с запада;2;Облака покрывали более половины неба в течение всего соответствующего периода,
03.02.2019 0:00;-1;Ветер, дующий с запада;2;
02.02.2019 21:00;-0,7;Ветер, дующий с запада;2;
02.02.2019 18:00;0,1;Ветер, дующий с запада;2;
02.02.2019 15:00;0,3;Ветер, дующий с запада;2;Туман или ледяной туман или сильная мгла,
02.02.2019 12:00;-0,4;Ветер, дующий с запада;2;Туман или ледяной туман или сильная мгла,
02.02.2019 9:00;-1;Ветер, дующий с запада;2;
02.02.2019 6:00;-0,8;Ветер, дующий с запада;2;
02.02.2019 3:00;-0,1;Ветер, дующий с запада;2;
02.02.2019 0:00;-0,3;Ветер, дующий с запада;2;
01.02.2019 21:00;-0,3;Ветер, дующий с запада;2;Облака покрывали более половины неба в течение всего соответствующего периода,
01.02.2019 18:00;0,1;Ветер, дующий с запада;2;
01.02.2019 15:00;-0,4;Ветер, дующий с запада;2;
01.02.2019 12:00;-0,8;Ветер, дующий с запада;2;
01.02.2019 9:00;-1,3;Ветер, дующий с запада;2;
01.02.2019 6:00;-0,8;Ветер, дующий с запада;2;
01.02.2019 3:00;-0,5;Ветер, дующий с запада;2;
01.02.2019 0:00;-0,5;Ветер, дующий с запада;2;Облака покрывали более половины неба в течение всего соответствующего периода,
31.01.2019 21:00;-0,4;Ветер, дующий с запада;2;Облака покрывали более половины неба в течение всего соответствующего периода,
31.01.2019 18:00;-0,2;Ветер, дующий с запада;2;
31.01.2019 15:00;0,5;Ветер, дующий с запада;2;
31.01.2019 12:00;0,8;Ветер, дующий с запада;2;
31.01.2019 9:00;0,2;Ветер, дующий с запада;2;Облака покрывали более половины неба в течение всего соответствующего периода,
31.01.2019 6:00;0,6;Ветер, дующий с запада;2;
31.01.2019 3:00;1;Ветер, дующий с запада;2;Морось,
31.01.2019 0:00;0,9;Ветер, дующий с запада;2;Морось,
30.01.2019 21:00;0,8;Ветер, дующий с запада;2;
30.01.2019 18:00;0,9;Ветер, дующий с запада;2;Морось,
30.01.2019 15:00;1,5;Ветер, дующий с запада;2;
30.01.2019 12:00;0,8;Ветер, дующий с запада;2;
30.01.2019 9:00;-1,2;Ветер, дующий с запада;2;Туман или ледяной туман или сильная мгла,
30.01.2019 6:00;-1,7;Ветер, дующий с запада;2;Туман или ледяной туман или сильная мгла,
30.01.2019 3:00;-1,9;Ветер, дующий с запада;2;
30.01.2019 0:00;-2,9;Ветер, дующий с запада;2;Туман или ледяной туман или сильная мгла,
29.01.2019 21:00;-3,4;Ветер, дующий с запада;2;
29.01.2019 18:00;-2;Ветер, дующий с запада;2;Облака покрывали более половины неба в течение всего соответствующего периода,
29.01.2019 15:00;0,2;Ветер, дующий с запада;2;
29.01.2019 12:00;-1,6;Ветер, дующий с запада;2;
29.01.2019 9:00;-4,8;Ветер, дующий с запада;2;Облака покрывали половину неба или менее в течение всего соответствующего периода,
29.01.2019 6:00;-6,2;Ветер, дующий с запада;2;
29.01.2019 3:00;-5,8;Ветер, дующий с запада;2;Облака покрывали половину неба или менее в течение всего соответствующего периода,
29.01.2019 0:00;-5,2;Ветер, дующий с запада;2;Облака покрывали более половины неба в течение одной части соответствующего периода и половину или менее в течение другой части периода,
28.01.2019 21:00;-4,1;Ветер, дующий с запада;2;Снег и/или другие виды твердых осадков
28.01.2019 18:00;-2,8;Ветер, дующий с запада;2;Снег и/или другие виды твердых осадков
28.01.2019 15:00;-2,5;Ветер, дующий с запада;2;Снег и/или другие виды твердых осадков
28.01.2019 12:00;-1,5;Ветер, дующий с запада;2;Снег и/или другие виды твердых осадков
28.01.2019 9:00;-2,1;Ветер, дующий с запада;2;
28.01.2019 6:00;-1,5;Ветер, дующий с запада;2;
28.01.2019 3:00;0;Ветер, дующий с запада;2;Снег и/или другие виды твердых осадков
28.01.2019 0:00;1,9;Ветер, дующий с запада;2;Дождь,
27.01.2019 21:00;3,4;Ветер, дующий с запада;2;Дождь,
27.01.2019 18:00;3,3;Ветер, дующий с запада;2;Дождь,
27.01.2019 15:00;2,3;Ветер, дующий с запада;2;Дождь,
27.01.2019 12:00;0,8;Ветер, дующий с запада;2;Дождь,
27.01.2019 9:00;0;Ветер, дующий с запада;2;Дождь,
27.01.2019 6:00;-0,3;Ветер, дующий с запада;2;
27.01.2019 3:00;0;Ветер, дующий с запада;2;
27.01.2019 0:00;-0,1;Ветер, дующий с запада;2;
26.01.2019 21:00;-0,3;Ветер, дующий с запада;2;Дождь,
26.01.2019 18:00;0,2;Ветер, дующий с запада;2;
26.01.2019 15:00;0,4;Ветер, дующий с запада;2;Морось,
26.01.2019 12:00;-0,5;Ветер, дующий с запада;2;Морось,
26.01.2019 9:00;-1,9;Ветер, дующий с запада;2;Морось,
26.01.2019 6:00;-2,2;Ветер, дующий с запада;2;Туман или ледяной туман или сильная мгла,
26.01.2019 3:00;-2,6;Ветер, дующий с запада;2;
26.01.2019 0:00;-2,9;Ветер, дующий с запада;2;Дождь,
25.01.2019 21:00;-3,1;Ветер, дующий с запада;2;Дождь,
25.01.2019 18:00;-2,4;Ветер, дующий с запада;2;
25.01.2019 15:00;-0,5;Ветер, дующий с запада;2;
25.01.2019 12:00;0,2;Ветер, дующий с запада;2;
25.01.2019 9:00;0,4;Ветер, дующий с запада;2;Облака покрывали более половины неба в течение всего соответствующего периода,
25.01.2019 6:00;0,9;Ветер, дующий с запада;2;
25.01.2019 3:00;0,5;Ветер, дующий с запада;2;Облака покрывали более половины неба в течение всего соответствующего периода,
25.01.2019 0:00;1,2;Ветер, дующий с запада;0;
24.01.2019 21:00;1,7;Ветер, дующий с запада;0;
24.01.2019 18:00;1,8;Ветер, дующий с запада;0;
24.01.2019 15:00;3,6;Ветер, дующий с запада;0;
24.01.2019 12:00;0,4;Ветер, дующий с запада;0;Дождь,
24.01.2019 9:00;-0,5;Ветер, дующий с запада;0;
24.01.2019 6:00;-0,8;Ветер, дующий с запада;0;Дождь,
24.01.2019 3:00;-1,5;Ветер, дующий с запада;0;
24.01.2019 0:00;-2,5;Ветер, дующий с запада;0;
23.01.2019 21:00;-3,2;Ветер, дующий с запада;0;
23.01.2019 18:00;-3,4;Ветер, дующий с запада;0;
23.01.2019 15:00;-4,1;Ветер, дующий с запада;0;Снег и/или другие виды твердых осадков
23.01.2019 12:00;-5,4;Ветер, дующий с запада;0;
23.01.2019 9:00;-8,3;Ветер, дующий с запада;0;
23.01.2019 6:00;-7,9;Ветер, дующий с запада;0;
23.01.2019 3:00;-8,2;Ветер, дующий с запада;0;
23.01.2019 0:00;-8,3;Ветер, дующий с запада;0;
22.01.2019 21:00;-8;Ветер, дующий с запада;0;
22.01.2019 18:00;-6,3;Ветер, дующий с запада;0;
22.01.2019 15:00;-4,7;Ветер, дующий с запада;0;
22.01.2019 12:00;-5,7;Ветер, дующий с запада;0;
22.01.2019 9:00;-7,9;Ветер, дующий с запада;0;
22.01.2019 6:00;-6,8;Ветер, дующий с запада;0;
22.01.2019 3:00;-3,8;Ветер, дующий с запада;0;
22.01.2019 0:00;-1,7;Ветер, дующий с запада;0;
21.01.2019 21:00;0,6;Ветер, дующий с запада;0;Ливень (ливни),
21.01.2019 18:00;4,9;Ветер, дующий с запада;0;Ливень (ливни),
21.01.2019 15:00;5,8;Ветер, дующий с запада;0;Ливень (ливни),
21.01.2019 12:00;3,9;Ветер, дующий с запада;0;
21.01.2019 9:00;0,7;Ветер, дующий с запада;0;
21.01.2019 6:00;-1,4;Ветер, дующий с запада;0;
21.01.2019 3:00;-2,5;Ветер, дующий с запада;0;
21.01.2019 0:00;-3;Ветер, дующий с запада;0;
20.01.2019 21:00;-3,3;Ветер, дующий с запада;0;
20.01.2019 18:00;-2,7;Ветер, дующий с запада;0;
20.01.2019 15:00;-0,8;Ветер, дующий с запада;0;
20.01.2019 12:00;-1,8;Ветер, дующий с запада;0;
20.01.2019 9:00;-6,1;Ветер, дующий с запада;0;
20.01.2019 6:00;-5,3;Ветер, дующий с запада;0;
20.01.2019 3:00;-2,3;Ветер, дующий с запада;0;
20.01.2019 0:00;1;Ветер, дующий с запада;0;Облака покрывали более половины неба в течение всего соответствующего периода,
19.01.2019 21:00;1,4;Ветер, дующий с запада;0;Облака покрывали более половины неба в течение всего соответствующего периода,
19.01.2019 18:00;3,1;Ветер, дующий с запада;0;
19.01.2019 15:00;4;Ветер, дующий с запада;0;
19.01.2019 12:00;3,9;Ветер, дующий с запада;0;
19.01.2019 9:00;2,5;Ветер, дующий с запада;0;
19.01.2019 6:00;2,7;Ветер, дующий с запада;0;
19.01.2019 3:00;2,1;Ветер, дующий с запада;0;
19.01.2019 0:00;2;Ветер, дующий с запада;0;
18.01.2019 21:00;2,2;Ветер, дующий с запада;0;
18.01.2019 18:00;0,9;Ветер, дующий с запада;0;
18.01.2019 15:00;1,3;Ветер, дующий с запада;0;
18.01.2019 12:00;-1,4;Ветер, дующий с запада;0;
18.01.2019 9:00;-5,1;Ветер, дующий с запада;0;
18.01.2019 6:00;-4,6;Ветер, дующий с запада;0;
18.01.2019 3:00;-6,1;Ветер, дующий с запада;0;
18.01.2019 0:00;-6,9;Ветер, дующий с запада;0;
17.01.2019 21:00;-7;Ветер, дующий с запада;0;Туман или ледяной туман или сильная мгла,
17.01.2019 18:00;-6,1;Ветер, дующий с запада;0;
17.01.2019 15:00;-3,4;Ветер, дующий с запада;0;Туман или ледяной туман или сильная мгла,
17.01.2019 12:00;-2,8;Ветер, дующий с запада;0;
17.01.2019 9:00;-3,9;Ветер, дующий с запада;0;
17.01.2019 6:00;-4;Ветер, дующий с запада;0;
17.01.2019 3:00;-3,5;Ветер, дующий с запада;0;Туман или ледяной туман или сильная мгла,
17.01.2019 0:00;-4,3;Ветер, дующий с запада;0;
16.01.2019 21:00;-3,3;Ветер, дующий с запада;0;
16.01.2019 18:00;-2,5;Ветер, дующий с запада;0;
16.01.2019 15:00;-1,7;Ветер, дующий с запада;0;Ливень (ливни),
16.01.2019 12:00;-1,3;Ветер, дующий с запада;0;
16.01.2019 9:00;-1,1;Ветер, дующий с запада;0;Ливень (ливни),
16.01.2019 6:00;0;Ветер, дующий с запада;0;
16.01.2019 3:00;0,5;Ветер, дующий с запада;0;
16.01.2019 0:00;1,1;Ветер, дующий с запада;0;Дождь,
15.01.2019 21:00;3,1;Ветер, дующий с запада;0;
15.01.2019 18:00;3,8;Ветер, дующий с запада;0;Дождь,
15.01.2019 15:00;5,2;Ветер, дующий с запада;0;
15.01.2019 12:00;4,3;Ветер, дующий с запада;0;
15.01.2019 9:00;2,7;Ветер, дующий с запада;0;
15.01.2019 6:00;2,1;Ветер, дующий с запада;0;
15.01.2019 3:00;1,9;Ветер, дующий с запада;0;
15.01.2019 0:00;1,5;Ветер, дующий с запада;0;Ливень (ливни),
14.01.2019 21:00;1;Ветер, дующий с запада;0;
14.01.2019 18:00;1,3;Ветер, дующий с запада;0;
14.01.2019 15:00;0,1;Ветер, дующий с запада;0;
14.01.2019 12:00;-1,6;Ветер, дующий с запада;0;Снег и/или другие виды твердых осадков
14.01.2019 9:00;-3,1;Ветер, дующий с запада;0;
14.01.2019 6:00;-3,2;Ветер, дующий с запада;0;
14.01.2019 3:00;-2,4;Ветер, дующий с запада;0;
14.01.2019 0:00;-2,5;Ветер, дующий с запада;0;
13.01.2019 21:00;-2,6;Ветер, дующий с запада;0;
13.01.2019 18:00;-1,9;Ветер, дующий с запада;0;
13.01.2019 15:00;-0,6;Ветер, дующий с запада;0;
13.01.2019 12:00;0;Ветер, дующий с запада;0;
13.01.2019 9:00;-1;Ветер, дующий с запада;0;Снег и/или другие виды твердых осадков
13.01.2019 6:00;-1,2;Ветер, дующий с запада;0;Снег и/или другие виды твердых осадков
13.01.2019 3:00;-2,4;Ветер, дующий с запада;0;
13.01.2019 0:00;-2,8;Ветер, дующий с запада;0;
12.01.2019 21:00;-2,5;Ветер, дующий с запада;0;
12.01.2019 18:00;-2;Ветер, дующий с запада;0;
12.01.2019 15:00;-1,7;Ветер, дующий с запада;0;
12.01.2019 12:00;-1;Ветер, дующий с запада;0;
12.01.2019 9:00;-1,1;Ветер, дующий с запада;0;
12.01.2019 6:00;0,8;Ветер, дующий с запада;0;
12.01.2019 3:00;2,3;Ветер, дующий с запада;0;Ливень (ливни),
12.01.2019 0:00;4,2;Ветер, дующий с запада;0;
11.01.2019 21:00;3,9;Ветер, дующий с запада;0;Дождь,
11.01.2019 18:00;3,7;Ветер, дующий с запада;0;Дождь,
11.01.2019 15:00;3,5;Ветер, дующий с запада;0;
11.01.2019 12:00;2,1;Ветер, дующий с запада;0;
11.01.2019 9:00;-0,6;Ветер, дующий с запада;0;
11.01.2019 6:00;-3,1;Ветер, дующий с запада;0;
11.01.2019 3:00;-5;Ветер, дующий с запада;0;Снег и/или другие виды твердых осадков
11.01.2019 0:00;-5,2;Ветер, дующий с запада;0;
10.01.2019 21:00;-5,2;Ветер, дующий с запада;0;
10.01.2019 18:00;-4,6;Ветер, дующий с запада;0;
10.01.2019 15:00;-2,7;Ветер, дующий с запада;0;Снег и/или другие виды твердых осадков
10.01.2019 12:00;-3,3;Ветер, дующий с запада;0;Снег и/или другие виды твердых осадков
10.01.2019 9:00;-5,7;Ветер, дующий с запада;0;Снег и/или другие виды твердых осадков
10.01.2019 6:00;-6,6;Ветер, дующий с запада;0;
10.01.2019 3:00;-7,1;Ветер, дующий с запада;0;
10.01.2019 0:00;-6,6;Ветер, дующий с запада;0;
09.01.2019 21:00;-5,6;Ветер, дующий с запада;0;
09.01.2019 18:00;-6;Ветер, дующий с запада;0;
09.01.2019 15:00;-5,6;Ветер, дующий с запада;0;Снег и/или другие виды твердых осадков
09.01.2019 12:00;-6,2;Ветер, дующий с запада;0;
09.01.2019 9:00;-7;Ветер, дующий с запада;0;
09.01.2019 6:00;-6,7;Ветер, дующий с запада;0;
09.01.2019 3:00;-6,3;Ветер, дующий с запада;0;
09.01.2019 0:00;-5,6;Ветер, дующий с запада;0;
08.01.2019 21:00;-4,2;Ветер, дующий с запада;0;Снег и/или другие виды твердых осадков
08.01.2019 18:00;-3,2;Ветер, дующий с запада;0;Снег и/или другие виды твердых осадков
08.01.2019 15:00;-2,1;Ветер, дующий с запада;0;
08.01.2019 12:00;-3,5;Ветер, дующий с запада;5;
08.01.2019 9:00;-5,2;Ветер, дующий с запада;5;
08.01.2019 6:00;-5,5;Ветер, дующий с запада;5;
08.01.2019 3:00;-5,7;Ветер, дующий с запада;5;
08.01.2019 0:00;-6,1;Ветер, дующий с запада;5;
07.01.2019 21:00;-5,8;Ветер, дующий с запада;5;Снег и/или другие виды твердых осадков
07.01.2019 18:00;-5,3;Ветер, дующий с запада;5;Снег и/или другие виды твердых осадков
07.01.2019 15:00;-5,1;Ветер, дующий с запада;5;
07.01.2019 12:00;-5;Ветер, дующий с запада;5;Снег и/или другие виды твердых осадков
07.01.2019 9:00;-4,3;Ветер, дующий с запада;5;
07.01.2019 6:00;-3,5;Ветер, дующий с запада;5;
07.01.2019 3:00;-3,3;Ветер, дующий с запада;5;
07.01.2019 0:00;-3,1;Ветер, дующий с запада;5;
06.01.2019 21:00;-2,6;Ветер, дующий с запада;5;Снег и/или другие виды твердых осадков
06.01.2019 18:00;-1,9;Ветер, дующий с запада;5;Снег и/или другие виды твердых осадков
06.01.2019 15:00;-2,2;Ветер, дующий с запада;5;
06.01.2019 12:00;-3,1;Ветер, дующий с запада;5;
06.01.2019 9:00;-4,2;Ветер, дующий с запада;5;
06.01.2019 6:00;-4,3;Ветер, дующий с запада;5;
06.01.2019 3:00;-4,1;Ветер, дующий с запада;5;
06.01.2019 0:00;-2,7;Ветер, дующий с запада;5;
05.01.2019 21:00;-2,4;Ветер, дующий с запада;5;
05.01.2019 18:00;-2,5;Ветер, дующий с запада;5;
05.01.2019 15:00;-1,3;Ветер, дующий с запада;5;
05.01.2019 12:00;-2;Ветер, дующий с запада;5;Снег и/или другие виды твердых осадков
05.01.2019 9:00;-2,1;Ветер, дующий с запада;5;
05.01.2019 6:00;-2;Ветер, дующий с запада;5;
05.01.2019 3:00;-0,7;Ветер, дующий с запада;5;
05.01.2019 0:00;1,5;Ветер, дующий с запада;5;
04.01.2019 21:00;2;Ветер, дующий с запада;5;Ливень (ливни),
04.01.2019 18:00;0;Ветер, дующий с запада;5;
04.01.2019 15:00;0,1;Ветер, дующий с запада;2;
04.01.2019 12:00;0,4;Ветер, дующий с запада;2;
04.01.2019 9:00;-0,3;Ветер, дующий с запада;2;Облака покрывали более половины неба в течение всего соответствующего периода,
04.01.2019 6:00;-0,9;Ветер, дующий с запада;2;Облака покрывали более половины неба в течение всего соответствующего периода,
04.01.2019 3:00;0;Ветер, дующий с запада;2;Ливень (ливни),
04.01.2019 0:00;0;Ветер, дующий с запада;2;
03.01.2019 21:00;0,2;Ветер, дующий с запада;2;Ливень (ливни),
03.01.2019 18:00;0,2;Ветер, дующий с запада;2;
03.01.2019 15:00;1,2;Ветер, дующий с запада;2;
03.01.2019 12:00;1,1;Ветер, дующий с запада;2;
03.01.2019 9:00;0,8;Ветер, дующий с запада;2;
03.01.2019 6:00;0,5;Ветер, дующий с запада;2;
03.01.2019 3:00;0,5;Ветер, дующий с запада;2;Дождь со снегом или другими видами твердых осадков
03.01.2019 0:00;0,4;Ветер, дующий с запада;2;Дождь со снегом или другими видами твердых осадков
02.01.2019 21:00;-0,1;Ветер, дующий с запада;2;Снег и/или другие виды твердых осадков
02.01.2019 18:00;-1;Ветер, дующий с запада;2;
02.01.2019 15:00;-1,1;Ветер, дующий с запада;1;
02.01.2019 12:00;-2,9;Ветер, дующий с запада;1;Облака покрывали более половины неба в течение всего соответствующего периода,
02.01.2019 9:00;-4,1;Ветер, дующий с запада;1;
02.01.2019 6:00;-3,8;Ветер, дующий с запада;1;Туман или ледяной туман или сильная мгла,
02.01.2019 3:00;-2,9;Ветер, дующий с запада;1;
02.01.2019 0:00;-2,7;Ветер, дующий с запада;1;
01.01.2019 21:00;-1,2;Ветер, дующий с запада;1;
01.01.2019 18:00;-1,1;Ветер, дующий с запада;3;
01.01.2019 15:00;-0,4;Ветер, дующий с запада;3;
01.01.2019 12:00;-0,5;Ветер, дующий с запада;3;
01.01.2019 9:00;-0,9;Ветер, дующий с запада;3;
01.01.2019 6:00;-0,7;Ветер, дующий с запада;3;Снег и/или другие виды твердых осадков
01.01.2019 3:00;-0,7;Ветер, дующий с запада;3;
